recipients,exclusions,pattern,variant,round,iterations,ns_per_broadcast
1,4096,miss,linear,0,2252,2203.40
1,4096,miss,sorted,0,138,34755.90
1,4096,miss,hashed,0,99,50083.32
1,4096,miss,adaptive,0,2271,2125.08
1,4096,miss,sorted,1,138,33582.67
1,4096,miss,hashed,1,99,50675.48
1,4096,miss,adaptive,1,2271,2103.14
1,4096,miss,linear,1,2252,2066.46
1,4096,miss,hashed,2,99,51204.65
1,4096,miss,adaptive,2,2271,2170.42
1,4096,miss,linear,2,2252,2010.71
1,4096,miss,sorted,2,138,33121.54
1,4096,miss,adaptive,3,2271,2207.57
1,4096,miss,linear,3,2252,2151.63
1,4096,miss,sorted,3,138,32471.42
1,4096,miss,hashed,3,99,51615.95
1,4096,miss,linear,4,2252,2293.94
1,4096,miss,sorted,4,138,32944.41
1,4096,miss,hashed,4,99,50683.31
1,4096,miss,adaptive,4,2271,2125.71
1,4096,miss,sorted,5,138,31290.25
1,4096,miss,hashed,5,99,46152.36
1,4096,miss,adaptive,5,2271,2206.54
1,4096,miss,linear,5,2252,2158.15
1,4096,miss,hashed,6,99,49259.00
1,4096,miss,adaptive,6,2271,2180.32
1,4096,miss,linear,6,2252,2167.79
1,4096,miss,sorted,6,138,31262.11
1,4096,mixed,linear,0,100000,1.91
1,4096,mixed,sorted,0,241,21310.29
1,4096,mixed,hashed,0,121,48106.36
1,4096,mixed,adaptive,0,100000,2.07
1,4096,mixed,sorted,1,241,19559.91
1,4096,mixed,hashed,1,121,42351.02
1,4096,mixed,adaptive,1,100000,2.14
1,4096,mixed,linear,1,100000,1.97
1,4096,mixed,hashed,2,121,43999.39
1,4096,mixed,adaptive,2,100000,1.91
1,4096,mixed,linear,2,100000,2.05
1,4096,mixed,sorted,2,241,20388.85
1,4096,mixed,adaptive,3,100000,2.37
1,4096,mixed,linear,3,100000,1.85
1,4096,mixed,sorted,3,241,20240.27
1,4096,mixed,hashed,3,121,44275.06
1,4096,mixed,linear,4,100000,2.11
1,4096,mixed,sorted,4,241,20337.24
1,4096,mixed,hashed,4,121,42655.12
1,4096,mixed,adaptive,4,100000,2.15
1,4096,mixed,sorted,5,241,21185.53
1,4096,mixed,hashed,5,121,43468.44
1,4096,mixed,adaptive,5,100000,1.98
1,4096,mixed,linear,5,100000,1.85
1,4096,mixed,hashed,6,121,42202.69
1,4096,mixed,adaptive,6,100000,2.11
1,4096,mixed,linear,6,100000,1.85
1,4096,mixed,sorted,6,241,19669.23
1,4096,duplicates,linear,0,100000,2.15
1,4096,duplicates,sorted,0,2333,2207.84
1,4096,duplicates,hashed,0,139,38329.87
1,4096,duplicates,adaptive,0,100000,1.91
1,4096,duplicates,sorted,1,2333,2168.02
1,4096,duplicates,hashed,1,139,37693.30
1,4096,duplicates,adaptive,1,100000,1.81
1,4096,duplicates,linear,1,100000,1.67
1,4096,duplicates,hashed,2,139,37566.53
1,4096,duplicates,adaptive,2,100000,1.79
1,4096,duplicates,linear,2,100000,1.67
1,4096,duplicates,sorted,2,2333,2217.39
1,4096,duplicates,adaptive,3,100000,2.00
1,4096,duplicates,linear,3,100000,1.67
1,4096,duplicates,sorted,3,2333,2235.22
1,4096,duplicates,hashed,3,139,37128.88
1,4096,duplicates,linear,4,100000,1.67
1,4096,duplicates,sorted,4,2333,2141.96
1,4096,duplicates,hashed,4,139,40265.79
1,4096,duplicates,adaptive,4,100000,1.91
1,4096,duplicates,sorted,5,2333,2321.55
1,4096,duplicates,hashed,5,139,41307.42
1,4096,duplicates,adaptive,5,100000,2.21
1,4096,duplicates,linear,5,100000,2.01
1,4096,duplicates,hashed,6,139,39151.24
1,4096,duplicates,adaptive,6,100000,2.04
1,4096,duplicates,linear,6,100000,1.71
1,4096,duplicates,sorted,6,2333,2278.27
1,4096,all-hit,linear,0,100000,1.96
1,4096,all-hit,sorted,0,2349,2396.36
1,4096,all-hit,hashed,0,139,37487.55
1,4096,all-hit,adaptive,0,100000,2.05
1,4096,all-hit,sorted,1,2349,2378.70
1,4096,all-hit,hashed,1,139,40089.12
1,4096,all-hit,adaptive,1,100000,1.91
1,4096,all-hit,linear,1,100000,1.67
1,4096,all-hit,hashed,2,139,39173.41
1,4096,all-hit,adaptive,2,100000,2.37
1,4096,all-hit,linear,2,100000,2.03
1,4096,all-hit,sorted,2,2349,2351.82
1,4096,all-hit,adaptive,3,100000,2.15
1,4096,all-hit,linear,3,100000,2.02
1,4096,all-hit,sorted,3,2349,2413.89
1,4096,all-hit,hashed,3,139,40882.35
1,4096,all-hit,linear,4,100000,1.85
1,4096,all-hit,sorted,4,2349,2333.48
1,4096,all-hit,hashed,4,139,41522.32
1,4096,all-hit,adaptive,4,100000,1.79
1,4096,all-hit,sorted,5,2349,2371.46
1,4096,all-hit,hashed,5,139,39740.67
1,4096,all-hit,adaptive,5,100000,2.25
1,4096,all-hit,linear,5,100000,2.07
1,4096,all-hit,hashed,6,139,40394.63
1,4096,all-hit,adaptive,6,100000,2.09
1,4096,all-hit,linear,6,100000,1.85
1,4096,all-hit,sorted,6,2349,2360.40
8,4096,miss,linear,0,282,19408.98
8,4096,miss,sorted,0,136,33669.57
8,4096,miss,hashed,0,100,45267.01
8,4096,miss,adaptive,0,255,18068.11
8,4096,miss,sorted,1,136,34489.54
8,4096,miss,hashed,1,100,46543.36
8,4096,miss,adaptive,1,255,17658.22
8,4096,miss,linear,1,282,18984.76
8,4096,miss,hashed,2,100,48747.99
8,4096,miss,adaptive,2,255,18750.73
8,4096,miss,linear,2,282,18261.19
8,4096,miss,sorted,2,136,34574.32
8,4096,miss,adaptive,3,255,18758.93
8,4096,miss,linear,3,282,19156.26
8,4096,miss,sorted,3,136,60274.16
8,4096,miss,hashed,3,100,47975.65
8,4096,miss,linear,4,282,17945.51
8,4096,miss,sorted,4,136,33330.28
8,4096,miss,hashed,4,100,46906.39
8,4096,miss,adaptive,4,255,18561.28
8,4096,miss,sorted,5,136,32119.39
8,4096,miss,hashed,5,100,52631.68
8,4096,miss,adaptive,5,255,18595.60
8,4096,miss,linear,5,282,18862.16
8,4096,miss,hashed,6,100,48306.11
8,4096,miss,adaptive,6,255,17754.33
8,4096,miss,linear,6,282,17697.25
8,4096,miss,sorted,6,136,34667.69
8,4096,mixed,linear,0,524,10035.53
8,4096,mixed,sorted,0,244,21433.17
8,4096,mixed,hashed,0,113,46691.42
8,4096,mixed,adaptive,0,525,10285.15
8,4096,mixed,sorted,1,244,20163.98
8,4096,mixed,hashed,1,113,46697.76
8,4096,mixed,adaptive,1,525,10251.75
8,4096,mixed,linear,1,524,10120.27
8,4096,mixed,hashed,2,113,43798.78
8,4096,mixed,adaptive,2,525,10032.61
8,4096,mixed,linear,2,524,10026.93
8,4096,mixed,sorted,2,244,21007.20
8,4096,mixed,adaptive,3,525,10528.85
8,4096,mixed,linear,3,524,10211.96
8,4096,mixed,sorted,3,244,20861.10
8,4096,mixed,hashed,3,113,46137.41
8,4096,mixed,linear,4,524,10222.85
8,4096,mixed,sorted,4,244,19923.34
8,4096,mixed,hashed,4,113,46719.69
8,4096,mixed,adaptive,4,525,10110.26
8,4096,mixed,sorted,5,244,20981.08
8,4096,mixed,hashed,5,113,46863.32
8,4096,mixed,adaptive,5,525,10237.55
8,4096,mixed,linear,5,524,9871.62
8,4096,mixed,hashed,6,113,47451.74
8,4096,mixed,adaptive,6,525,10121.93
8,4096,mixed,linear,6,524,10224.22
8,4096,mixed,sorted,6,244,21247.64
8,4096,duplicates,linear,0,274,16949.11
8,4096,duplicates,sorted,0,1786,2397.33
8,4096,duplicates,hashed,0,105,39887.92
8,4096,duplicates,adaptive,0,292,17577.96
8,4096,duplicates,sorted,1,1786,2528.68
8,4096,duplicates,hashed,1,105,37561.70
8,4096,duplicates,adaptive,1,292,16389.61
8,4096,duplicates,linear,1,274,17012.55
8,4096,duplicates,hashed,2,105,38249.00
8,4096,duplicates,adaptive,2,292,15783.71
8,4096,duplicates,linear,2,274,16469.89
8,4096,duplicates,sorted,2,1786,2399.04
8,4096,duplicates,adaptive,3,292,16634.13
8,4096,duplicates,linear,3,274,16312.83
8,4096,duplicates,sorted,3,1786,2544.87
8,4096,duplicates,hashed,3,105,39888.60
8,4096,duplicates,linear,4,274,16925.85
8,4096,duplicates,sorted,4,1786,2349.43
8,4096,duplicates,hashed,4,105,44120.16
8,4096,duplicates,adaptive,4,292,17217.43
8,4096,duplicates,sorted,5,1786,2588.67
8,4096,duplicates,hashed,5,105,45465.59
8,4096,duplicates,adaptive,5,292,16606.85
8,4096,duplicates,linear,5,274,15830.75
8,4096,duplicates,hashed,6,105,40394.87
8,4096,duplicates,adaptive,6,292,17153.88
8,4096,duplicates,linear,6,274,17156.34
8,4096,duplicates,sorted,6,1786,2331.25
8,4096,all-hit,linear,0,100000,24.02
8,4096,all-hit,sorted,0,512,10898.95
8,4096,all-hit,hashed,0,131,37229.11
8,4096,all-hit,adaptive,0,100000,21.16
8,4096,all-hit,sorted,1,512,10294.70
8,4096,all-hit,hashed,1,131,38761.11
8,4096,all-hit,adaptive,1,100000,25.87
8,4096,all-hit,linear,1,100000,25.64
8,4096,all-hit,hashed,2,131,38786.08
8,4096,all-hit,adaptive,2,100000,20.52
8,4096,all-hit,linear,2,100000,21.39
8,4096,all-hit,sorted,2,512,10321.72
8,4096,all-hit,adaptive,3,100000,23.82
8,4096,all-hit,linear,3,100000,25.96
8,4096,all-hit,sorted,3,512,10416.66
8,4096,all-hit,hashed,3,131,37045.47
8,4096,all-hit,linear,4,100000,24.75
8,4096,all-hit,sorted,4,512,9775.01
8,4096,all-hit,hashed,4,131,39048.02
8,4096,all-hit,adaptive,4,100000,26.26
8,4096,all-hit,sorted,5,512,9935.17
8,4096,all-hit,hashed,5,131,41026.15
8,4096,all-hit,adaptive,5,100000,29.01
8,4096,all-hit,linear,5,100000,27.86
8,4096,all-hit,hashed,6,131,37268.54
8,4096,all-hit,adaptive,6,100000,26.38
8,4096,all-hit,linear,6,100000,26.16
8,4096,all-hit,sorted,6,512,11420.37
32,64,miss,linear,0,3300,1254.48
32,64,miss,sorted,0,9689,427.61
32,64,miss,hashed,0,4306,1061.62
32,64,miss,adaptive,0,3610,1401.20
32,64,miss,sorted,1,9689,439.61
32,64,miss,hashed,1,4306,1137.20
32,64,miss,adaptive,1,3610,1417.25
32,64,miss,linear,1,3300,1379.22
32,64,miss,hashed,2,4306,1100.51
32,64,miss,adaptive,2,3610,1341.51
32,64,miss,linear,2,3300,1404.86
32,64,miss,sorted,2,9689,443.39
32,64,miss,adaptive,3,3610,1278.24
32,64,miss,linear,3,3300,1393.88
32,64,miss,sorted,3,9689,425.10
32,64,miss,hashed,3,4306,1141.66
32,64,miss,linear,4,3300,1390.38
32,64,miss,sorted,4,9689,461.90
32,64,miss,hashed,4,4306,1135.32
32,64,miss,adaptive,4,3610,1293.61
32,64,miss,sorted,5,9689,440.63
32,64,miss,hashed,5,4306,1129.94
32,64,miss,adaptive,5,3610,1370.26
32,64,miss,linear,5,3300,1271.99
32,64,miss,hashed,6,4306,1140.72
32,64,miss,adaptive,6,3610,1295.30
32,64,miss,linear,6,3300,1312.29
32,64,miss,sorted,6,9689,419.89
32,64,mixed,linear,0,5263,794.04
32,64,mixed,sorted,0,8865,503.11
32,64,mixed,hashed,0,4452,1005.03
32,64,mixed,adaptive,0,5707,811.71
32,64,mixed,sorted,1,8865,501.09
32,64,mixed,hashed,1,4452,1041.34
32,64,mixed,adaptive,1,5707,650.77
32,64,mixed,linear,1,5263,686.09
32,64,mixed,hashed,2,4452,1095.34
32,64,mixed,adaptive,2,5707,674.36
32,64,mixed,linear,2,5263,703.08
32,64,mixed,sorted,2,8865,505.99
32,64,mixed,adaptive,3,5707,753.52
32,64,mixed,linear,3,5263,722.88
32,64,mixed,sorted,3,8865,526.60
32,64,mixed,hashed,3,4452,1088.46
32,64,mixed,linear,4,5263,720.99
32,64,mixed,sorted,4,8865,487.94
32,64,mixed,hashed,4,4452,985.70
32,64,mixed,adaptive,4,5707,732.57
32,64,mixed,sorted,5,8865,508.91
32,64,mixed,hashed,5,4452,1066.64
32,64,mixed,adaptive,5,5707,788.82
32,64,mixed,linear,5,5263,823.14
32,64,mixed,hashed,6,4452,1049.46
32,64,mixed,adaptive,6,5707,668.88
32,64,mixed,linear,6,5263,668.09
32,64,mixed,sorted,6,8865,549.08
32,64,duplicates,linear,0,3620,1326.05
32,64,duplicates,sorted,0,19230,221.93
32,64,duplicates,hashed,0,5133,950.69
32,64,duplicates,adaptive,0,3711,1305.71
32,64,duplicates,sorted,1,19230,235.18
32,64,duplicates,hashed,1,5133,919.89
32,64,duplicates,adaptive,1,3711,1349.30
32,64,duplicates,linear,1,3620,1349.58
32,64,duplicates,hashed,2,5133,947.31
32,64,duplicates,adaptive,2,3711,1352.22
32,64,duplicates,linear,2,3620,1351.04
32,64,duplicates,sorted,2,19230,234.07
32,64,duplicates,adaptive,3,3711,1245.76
32,64,duplicates,linear,3,3620,1346.27
32,64,duplicates,sorted,3,19230,230.31
32,64,duplicates,hashed,3,5133,910.27
32,64,duplicates,linear,4,3620,1282.14
32,64,duplicates,sorted,4,19230,230.96
32,64,duplicates,hashed,4,5133,891.35
32,64,duplicates,adaptive,4,3711,1283.30
32,64,duplicates,sorted,5,19230,219.65
32,64,duplicates,hashed,5,5133,860.39
32,64,duplicates,adaptive,5,3711,1275.84
32,64,duplicates,linear,5,3620,1219.82
32,64,duplicates,hashed,6,5133,889.05
32,64,duplicates,adaptive,6,3711,1241.31
32,64,duplicates,linear,6,3620,1318.28
32,64,duplicates,sorted,6,19230,239.65
32,64,all-hit,linear,0,13297,251.27
32,64,all-hit,sorted,0,8912,489.21
32,64,all-hit,hashed,0,4655,950.12
32,64,all-hit,adaptive,0,17006,234.90
32,64,all-hit,sorted,1,8912,505.48
32,64,all-hit,hashed,1,4655,1027.58
32,64,all-hit,adaptive,1,17006,229.94
32,64,all-hit,linear,1,13297,219.10
32,64,all-hit,hashed,2,4655,998.77
32,64,all-hit,adaptive,2,17006,240.40
32,64,all-hit,linear,2,13297,239.70
32,64,all-hit,sorted,2,8912,493.09
32,64,all-hit,adaptive,3,17006,236.01
32,64,all-hit,linear,3,13297,237.89
32,64,all-hit,sorted,3,8912,531.70
32,64,all-hit,hashed,3,4655,1025.80
32,64,all-hit,linear,4,13297,241.02
32,64,all-hit,sorted,4,8912,479.41
32,64,all-hit,hashed,4,4655,987.64
32,64,all-hit,adaptive,4,17006,218.66
32,64,all-hit,sorted,5,8912,501.19
32,64,all-hit,hashed,5,4655,966.05
32,64,all-hit,adaptive,5,17006,229.45
32,64,all-hit,linear,5,13297,238.13
32,64,all-hit,hashed,6,4655,1124.27
32,64,all-hit,adaptive,6,17006,242.52
32,64,all-hit,linear,6,13297,237.10
32,64,all-hit,sorted,6,8912,461.72
64,64,miss,linear,0,1816,2780.00
64,64,miss,sorted,0,7507,663.04
64,64,miss,hashed,0,3412,1368.01
64,64,miss,adaptive,0,7704,647.50
64,64,miss,sorted,1,7507,656.99
64,64,miss,hashed,1,3412,1383.62
64,64,miss,adaptive,1,7704,636.52
64,64,miss,linear,1,1816,2774.85
64,64,miss,hashed,2,3412,1482.94
64,64,miss,adaptive,2,7704,643.82
64,64,miss,linear,2,1816,2816.97
64,64,miss,sorted,2,7507,657.39
64,64,miss,adaptive,3,7704,629.44
64,64,miss,linear,3,1816,2655.84
64,64,miss,sorted,3,7507,648.46
64,64,miss,hashed,3,3412,1393.96
64,64,miss,linear,4,1816,2719.35
64,64,miss,sorted,4,7507,662.02
64,64,miss,hashed,4,3412,1466.70
64,64,miss,adaptive,4,7704,601.00
64,64,miss,sorted,5,7507,632.34
64,64,miss,hashed,5,3412,1402.52
64,64,miss,adaptive,5,7704,623.68
64,64,miss,linear,5,1816,2552.63
64,64,miss,hashed,6,3412,1483.83
64,64,miss,adaptive,6,7704,607.15
64,64,miss,linear,6,1816,2829.67
64,64,miss,sorted,6,7507,635.81
64,64,mixed,linear,0,2279,1850.24
64,64,mixed,sorted,0,7621,630.80
64,64,mixed,hashed,0,3436,1377.43
64,64,mixed,adaptive,0,7716,652.42
64,64,mixed,sorted,1,7621,636.50
64,64,mixed,hashed,1,3436,1317.43
64,64,mixed,adaptive,1,7716,718.46
64,64,mixed,linear,1,2279,1794.82
64,64,mixed,hashed,2,3436,1377.73
64,64,mixed,adaptive,2,7716,612.19
64,64,mixed,linear,2,2279,1999.50
64,64,mixed,sorted,2,7621,628.76
64,64,mixed,adaptive,3,7716,638.90
64,64,mixed,linear,3,2279,1811.51
64,64,mixed,sorted,3,7621,646.15
64,64,mixed,hashed,3,3436,1381.08
64,64,mixed,linear,4,2279,1739.15
64,64,mixed,sorted,4,7621,648.92
64,64,mixed,hashed,4,3436,1362.23
64,64,mixed,adaptive,4,7716,603.67
64,64,mixed,sorted,5,7621,617.21
64,64,mixed,hashed,5,3436,1311.95
64,64,mixed,adaptive,5,7716,619.70
64,64,mixed,linear,5,2279,1709.87
64,64,mixed,hashed,6,3436,1384.62
64,64,mixed,adaptive,6,7716,615.29
64,64,mixed,linear,6,2279,1658.23
64,64,mixed,sorted,6,7621,613.89
64,64,duplicates,linear,0,2033,2632.83
64,64,duplicates,sorted,0,12315,415.54
64,64,duplicates,hashed,0,4428,1200.03
64,64,duplicates,adaptive,0,12468,415.40
64,64,duplicates,sorted,1,12315,411.34
64,64,duplicates,hashed,1,4428,1119.52
64,64,duplicates,adaptive,1,12468,411.46
64,64,duplicates,linear,1,2033,2654.34
64,64,duplicates,hashed,2,4428,1158.14
64,64,duplicates,adaptive,2,12468,398.03
64,64,duplicates,linear,2,2033,2767.36
64,64,duplicates,sorted,2,12315,480.29
64,64,duplicates,adaptive,3,12468,455.79
64,64,duplicates,linear,3,2033,2759.95
64,64,duplicates,sorted,3,12315,438.15
64,64,duplicates,hashed,3,4428,1235.42
64,64,duplicates,linear,4,2033,2734.68
64,64,duplicates,sorted,4,12315,442.19
64,64,duplicates,hashed,4,4428,1237.82
64,64,duplicates,adaptive,4,12468,453.78
64,64,duplicates,sorted,5,12315,426.63
64,64,duplicates,hashed,5,4428,1220.46
64,64,duplicates,adaptive,5,12468,465.95
64,64,duplicates,linear,5,2033,2625.94
64,64,duplicates,hashed,6,4428,1174.55
64,64,duplicates,adaptive,6,12468,459.69
64,64,duplicates,linear,6,2033,2707.28
64,64,duplicates,sorted,6,12315,432.91
64,64,all-hit,linear,0,3320,1175.33
64,64,all-hit,sorted,0,7173,639.54
64,64,all-hit,hashed,0,3538,1392.66
64,64,all-hit,adaptive,0,7692,637.97
64,64,all-hit,sorted,1,7173,661.35
64,64,all-hit,hashed,1,3538,1413.68
64,64,all-hit,adaptive,1,7692,643.75
64,64,all-hit,linear,1,3320,1229.11
64,64,all-hit,hashed,2,3538,1488.86
64,64,all-hit,adaptive,2,7692,610.45
64,64,all-hit,linear,2,3320,1123.22
64,64,all-hit,sorted,2,7173,650.54
64,64,all-hit,adaptive,3,7692,637.38
64,64,all-hit,linear,3,3320,1088.27
64,64,all-hit,sorted,3,7173,649.01
64,64,all-hit,hashed,3,3538,1451.94
64,64,all-hit,linear,4,3320,1091.84
64,64,all-hit,sorted,4,7173,591.12
64,64,all-hit,hashed,4,3538,1436.78
64,64,all-hit,adaptive,4,7692,635.52
64,64,all-hit,sorted,5,7173,601.26
64,64,all-hit,hashed,5,3538,1348.60
64,64,all-hit,adaptive,5,7692,646.00
64,64,all-hit,linear,5,3320,1057.59
64,64,all-hit,hashed,6,3538,1380.42
64,64,all-hit,adaptive,6,7692,665.15
64,64,all-hit,linear,6,3320,1059.63
64,64,all-hit,sorted,6,7173,638.35
128,64,miss,linear,0,909,5225.20
128,64,miss,sorted,0,4892,1051.27
128,64,miss,hashed,0,2395,1956.14
128,64,miss,adaptive,0,4882,966.32
128,64,miss,sorted,1,4892,1307.46
128,64,miss,hashed,1,2395,2062.90
128,64,miss,adaptive,1,4882,1007.70
128,64,miss,linear,1,909,5405.70
128,64,miss,hashed,2,2395,2026.17
128,64,miss,adaptive,2,4882,1008.58
128,64,miss,linear,2,909,5324.15
128,64,miss,sorted,2,4892,969.55
128,64,miss,adaptive,3,4882,955.99
128,64,miss,linear,3,909,5035.86
128,64,miss,sorted,3,4892,948.86
128,64,miss,hashed,3,2395,1996.15
128,64,miss,linear,4,909,5265.08
128,64,miss,sorted,4,4892,1017.12
128,64,miss,hashed,4,2395,1947.22
128,64,miss,adaptive,4,4882,968.24
128,64,miss,sorted,5,4892,1174.41
128,64,miss,hashed,5,2395,1986.21
128,64,miss,adaptive,5,4882,962.75
128,64,miss,linear,5,909,5064.72
128,64,miss,hashed,6,2395,1859.08
128,64,miss,adaptive,6,4882,980.98
128,64,miss,linear,6,909,4970.61
128,64,miss,sorted,6,4892,971.91
128,64,mixed,linear,0,1007,4304.50
128,64,mixed,sorted,0,4784,971.67
128,64,mixed,hashed,0,2312,1995.28
128,64,mixed,adaptive,0,4882,982.91
128,64,mixed,sorted,1,4784,946.76
128,64,mixed,hashed,1,2312,1916.02
128,64,mixed,adaptive,1,4882,968.58
128,64,mixed,linear,1,1007,4824.64
128,64,mixed,hashed,2,2312,2488.41
128,64,mixed,adaptive,2,4882,1622.50
128,64,mixed,linear,2,1007,5614.75
128,64,mixed,sorted,2,4784,1314.71
128,64,mixed,adaptive,3,4882,1044.87
128,64,mixed,linear,3,1007,5516.90
128,64,mixed,sorted,3,4784,1678.23
128,64,mixed,hashed,3,2312,2416.73
128,64,mixed,linear,4,1007,5667.35
128,64,mixed,sorted,4,4784,1025.16
128,64,mixed,hashed,4,2312,2107.73
128,64,mixed,adaptive,4,4882,1092.62
128,64,mixed,sorted,5,4784,1021.68
128,64,mixed,hashed,5,2312,1924.52
128,64,mixed,adaptive,5,4882,1113.56
128,64,mixed,linear,5,1007,5391.63
128,64,mixed,hashed,6,2312,2007.92
128,64,mixed,adaptive,6,4882,1002.70
128,64,mixed,linear,6,1007,4917.19
128,64,mixed,sorted,6,4784,1025.33
128,64,duplicates,linear,0,917,5384.94
128,64,duplicates,sorted,0,6016,954.64
128,64,duplicates,hashed,0,2747,1766.82
128,64,duplicates,adaptive,0,6097,803.27
128,64,duplicates,sorted,1,6016,849.66
128,64,duplicates,hashed,1,2747,1897.74
128,64,duplicates,adaptive,1,6097,780.78
128,64,duplicates,linear,1,917,5245.09
128,64,duplicates,hashed,2,2747,1951.75
128,64,duplicates,adaptive,2,6097,825.36
128,64,duplicates,linear,2,917,5640.83
128,64,duplicates,sorted,2,6016,1137.00
128,64,duplicates,adaptive,3,6097,815.86
128,64,duplicates,linear,3,917,5301.03
128,64,duplicates,sorted,3,6016,824.81
128,64,duplicates,hashed,3,2747,1768.68
128,64,duplicates,linear,4,917,5128.50
128,64,duplicates,sorted,4,6016,811.31
128,64,duplicates,hashed,4,2747,1803.40
128,64,duplicates,adaptive,4,6097,808.41
128,64,duplicates,sorted,5,6016,813.30
128,64,duplicates,hashed,5,2747,1817.70
128,64,duplicates,adaptive,5,6097,871.32
128,64,duplicates,linear,5,917,5503.20
128,64,duplicates,hashed,6,2747,1813.67
128,64,duplicates,adaptive,6,6097,773.00
128,64,duplicates,linear,6,917,5175.95
128,64,duplicates,sorted,6,6016,808.27
128,64,all-hit,linear,0,1310,3704.27
128,64,all-hit,sorted,0,5235,1010.00
128,64,all-hit,hashed,0,2704,1935.84
128,64,all-hit,adaptive,0,5405,996.50
128,64,all-hit,sorted,1,5235,944.52
128,64,all-hit,hashed,1,2704,1933.49
128,64,all-hit,adaptive,1,5405,942.87
128,64,all-hit,linear,1,1310,3661.01
128,64,all-hit,hashed,2,2704,1865.81
128,64,all-hit,adaptive,2,5405,951.83
128,64,all-hit,linear,2,1310,3731.10
128,64,all-hit,sorted,2,5235,1008.72
128,64,all-hit,adaptive,3,5405,944.69
128,64,all-hit,linear,3,1310,3773.23
128,64,all-hit,sorted,3,5235,962.22
128,64,all-hit,hashed,3,2704,2041.96
128,64,all-hit,linear,4,1310,3838.78
128,64,all-hit,sorted,4,5235,955.28
128,64,all-hit,hashed,4,2704,1885.36
128,64,all-hit,adaptive,4,5405,954.28
128,64,all-hit,sorted,5,5235,968.96
128,64,all-hit,hashed,5,2704,1972.96
128,64,all-hit,adaptive,5,5405,927.59
128,64,all-hit,linear,5,1310,3733.63
128,64,all-hit,hashed,6,2704,1840.52
128,64,all-hit,adaptive,6,5405,931.27
128,64,all-hit,linear,6,1310,3548.64
128,64,all-hit,sorted,6,5235,929.17
128,128,miss,linear,0,534,10002.65
128,128,miss,sorted,0,3465,1745.95
128,128,miss,hashed,0,1930,2912.10
128,128,miss,adaptive,0,3679,1508.96
128,128,miss,sorted,1,3465,1510.02
128,128,miss,hashed,1,1930,3009.99
128,128,miss,adaptive,1,3679,2493.20
128,128,miss,linear,1,534,12534.70
128,128,miss,hashed,2,1930,3758.42
128,128,miss,adaptive,2,3679,2448.73
128,128,miss,linear,2,534,12447.79
128,128,miss,sorted,2,3465,2418.22
128,128,miss,adaptive,3,3679,1793.88
128,128,miss,linear,3,534,10379.01
128,128,miss,sorted,3,3465,1520.30
128,128,miss,hashed,3,1930,3397.99
128,128,miss,linear,4,534,11316.23
128,128,miss,sorted,4,3465,1572.32
128,128,miss,hashed,4,1930,3063.77
128,128,miss,adaptive,4,3679,1884.24
128,128,miss,sorted,5,3465,1584.66
128,128,miss,hashed,5,1930,3109.48
128,128,miss,adaptive,5,3679,1529.87
128,128,miss,linear,5,534,10420.42
128,128,miss,hashed,6,1930,3119.86
128,128,miss,adaptive,6,3679,1515.47
128,128,miss,linear,6,534,10303.79
128,128,miss,sorted,6,3465,1695.53
128,128,mixed,linear,0,609,8128.52
128,128,mixed,sorted,0,3126,1503.78
128,128,mixed,hashed,0,1776,2965.93
128,128,mixed,adaptive,0,3211,1534.32
128,128,mixed,sorted,1,3126,1496.71
128,128,mixed,hashed,1,1776,2647.35
128,128,mixed,adaptive,1,3211,1666.03
128,128,mixed,linear,1,609,7967.87
128,128,mixed,hashed,2,1776,2801.74
128,128,mixed,adaptive,2,3211,1698.63
128,128,mixed,linear,2,609,8016.05
128,128,mixed,sorted,2,3126,1549.54
128,128,mixed,adaptive,3,3211,1662.98
128,128,mixed,linear,3,609,8027.34
128,128,mixed,sorted,3,3126,1456.87
128,128,mixed,hashed,3,1776,2740.93
128,128,mixed,linear,4,609,8555.68
128,128,mixed,sorted,4,3126,1530.30
128,128,mixed,hashed,4,1776,2663.48
128,128,mixed,adaptive,4,3211,1580.62
128,128,mixed,sorted,5,3126,1540.22
128,128,mixed,hashed,5,1776,2883.98
128,128,mixed,adaptive,5,3211,1507.43
128,128,mixed,linear,5,609,8169.40
128,128,mixed,hashed,6,1776,2731.17
128,128,mixed,adaptive,6,3211,1447.85
128,128,mixed,linear,6,609,8205.07
128,128,mixed,sorted,6,3126,1536.62
128,128,duplicates,linear,0,485,9814.25
128,128,duplicates,sorted,0,5020,1010.80
128,128,duplicates,hashed,0,2047,2421.93
128,128,duplicates,adaptive,0,5010,920.71
128,128,duplicates,sorted,1,5020,983.39
128,128,duplicates,hashed,1,2047,2641.21
128,128,duplicates,adaptive,1,5010,931.05
128,128,duplicates,linear,1,485,9579.49
128,128,duplicates,hashed,2,2047,2573.38
128,128,duplicates,adaptive,2,5010,961.70
128,128,duplicates,linear,2,485,10057.58
128,128,duplicates,sorted,2,5020,994.08
128,128,duplicates,adaptive,3,5010,1001.49
128,128,duplicates,linear,3,485,9578.13
128,128,duplicates,sorted,3,5020,915.68
128,128,duplicates,hashed,3,2047,2423.99
128,128,duplicates,linear,4,485,9798.55
128,128,duplicates,sorted,4,5020,976.29
128,128,duplicates,hashed,4,2047,2658.24
128,128,duplicates,adaptive,4,5010,944.51
128,128,duplicates,sorted,5,5020,975.68
128,128,duplicates,hashed,5,2047,2464.99
128,128,duplicates,adaptive,5,5010,1241.13
128,128,duplicates,linear,5,485,10527.60
128,128,duplicates,hashed,6,2047,2555.82
128,128,duplicates,adaptive,6,5010,1017.33
128,128,duplicates,linear,6,485,10009.01
128,128,duplicates,sorted,6,5020,904.47
128,128,all-hit,linear,0,913,5299.16
128,128,all-hit,sorted,0,3158,1419.43
128,128,all-hit,hashed,0,1805,2636.21
128,128,all-hit,adaptive,0,3317,1637.44
128,128,all-hit,sorted,1,3158,1525.33
128,128,all-hit,hashed,1,1805,2653.06
128,128,all-hit,adaptive,1,3317,1470.69
128,128,all-hit,linear,1,913,5326.96
128,128,all-hit,hashed,2,1805,3228.02
128,128,all-hit,adaptive,2,3317,1465.96
128,128,all-hit,linear,2,913,5402.83
128,128,all-hit,sorted,2,3158,1517.29
128,128,all-hit,adaptive,3,3317,1419.50
128,128,all-hit,linear,3,913,5279.86
128,128,all-hit,sorted,3,3158,1599.81
128,128,all-hit,hashed,3,1805,2716.44
128,128,all-hit,linear,4,913,4982.41
128,128,all-hit,sorted,4,3158,1668.83
128,128,all-hit,hashed,4,1805,2782.56
128,128,all-hit,adaptive,4,3317,1372.88
128,128,all-hit,sorted,5,3158,1608.71
128,128,all-hit,hashed,5,1805,2822.84
128,128,all-hit,adaptive,5,3317,1472.50
128,128,all-hit,linear,5,913,5212.71
128,128,all-hit,hashed,6,1805,2928.93
128,128,all-hit,adaptive,6,3317,1502.22
128,128,all-hit,linear,6,913,5217.27
128,128,all-hit,sorted,6,3158,1705.81
128,4096,miss,linear,0,16,290022.50
128,4096,miss,sorted,0,132,34890.71
128,4096,miss,hashed,0,96,50602.52
128,4096,miss,adaptive,0,16,308800.06
128,4096,miss,sorted,1,132,39679.29
128,4096,miss,hashed,1,96,51206.85
128,4096,miss,adaptive,1,16,296862.50
128,4096,miss,linear,1,16,314858.94
128,4096,miss,hashed,2,96,52318.89
128,4096,miss,adaptive,2,16,310619.06
128,4096,miss,linear,2,16,296196.69
128,4096,miss,sorted,2,132,35368.17
128,4096,miss,adaptive,3,16,308823.81
128,4096,miss,linear,3,16,302315.50
128,4096,miss,sorted,3,132,37762.64
128,4096,miss,hashed,3,96,52199.33
128,4096,miss,linear,4,16,286995.19
128,4096,miss,sorted,4,132,32408.32
128,4096,miss,hashed,4,96,55742.05
128,4096,miss,adaptive,4,16,301585.50
128,4096,miss,sorted,5,132,31996.83
128,4096,miss,hashed,5,96,54276.12
128,4096,miss,adaptive,5,16,296685.69
128,4096,miss,linear,5,16,304695.69
128,4096,miss,hashed,6,96,53037.44
128,4096,miss,adaptive,6,16,314019.00
128,4096,miss,linear,6,16,298565.75
128,4096,miss,sorted,6,132,34001.44
128,4096,mixed,linear,0,28,165490.86
128,4096,mixed,sorted,0,141,31146.97
128,4096,mixed,hashed,0,89,43316.79
128,4096,mixed,adaptive,0,26,162804.62
128,4096,mixed,sorted,1,141,30001.24
128,4096,mixed,hashed,1,89,45075.00
128,4096,mixed,adaptive,1,26,164025.81
128,4096,mixed,linear,1,28,176993.75
128,4096,mixed,hashed,2,89,52879.47
128,4096,mixed,adaptive,2,26,177797.15
128,4096,mixed,linear,2,28,182382.43
128,4096,mixed,sorted,2,141,40385.83
128,4096,mixed,adaptive,3,26,172881.15
128,4096,mixed,linear,3,28,171082.18
128,4096,mixed,sorted,3,141,34349.43
128,4096,mixed,hashed,3,89,47012.01
128,4096,mixed,linear,4,28,171912.54
128,4096,mixed,sorted,4,141,33008.83
128,4096,mixed,hashed,4,89,45151.94
128,4096,mixed,adaptive,4,26,166196.12
128,4096,mixed,sorted,5,141,35372.40
128,4096,mixed,hashed,5,89,47115.37
128,4096,mixed,adaptive,5,26,164015.00
128,4096,mixed,linear,5,28,164382.93
128,4096,mixed,hashed,6,89,42690.89
128,4096,mixed,adaptive,6,26,158895.46
128,4096,mixed,linear,6,28,155430.32
128,4096,mixed,sorted,6,141,32009.35
128,4096,duplicates,linear,0,17,292858.29
128,4096,duplicates,sorted,0,1340,3845.51
128,4096,duplicates,hashed,0,134,37622.46
128,4096,duplicates,adaptive,0,17,287136.00
128,4096,duplicates,sorted,1,1340,3881.86
128,4096,duplicates,hashed,1,134,37661.86
128,4096,duplicates,adaptive,1,17,288493.88
128,4096,duplicates,linear,1,17,285202.76
128,4096,duplicates,hashed,2,134,40392.67
128,4096,duplicates,adaptive,2,17,285075.41
128,4096,duplicates,linear,2,17,301505.12
128,4096,duplicates,sorted,2,1340,3948.82
128,4096,duplicates,adaptive,3,17,289920.53
128,4096,duplicates,linear,3,17,284437.29
128,4096,duplicates,sorted,3,1340,3720.09
128,4096,duplicates,hashed,3,134,36774.29
128,4096,duplicates,linear,4,17,279303.71
128,4096,duplicates,sorted,4,1340,3817.28
128,4096,duplicates,hashed,4,134,39002.21
128,4096,duplicates,adaptive,4,17,289072.00
128,4096,duplicates,sorted,5,1340,3964.99
128,4096,duplicates,hashed,5,134,37571.47
128,4096,duplicates,adaptive,5,17,281873.35
128,4096,duplicates,linear,5,17,278172.82
128,4096,duplicates,hashed,6,134,37017.27
128,4096,duplicates,adaptive,6,17,276691.59
128,4096,duplicates,linear,6,17,281375.29
128,4096,duplicates,sorted,6,1340,3711.37
128,4096,all-hit,linear,0,1004,4774.18
128,4096,all-hit,sorted,0,176,28337.49
128,4096,all-hit,hashed,0,134,39086.51
128,4096,all-hit,adaptive,0,1017,4709.46
128,4096,all-hit,sorted,1,176,29392.42
128,4096,all-hit,hashed,1,134,37817.75
128,4096,all-hit,adaptive,1,1017,4718.17
128,4096,all-hit,linear,1,1004,4694.64
128,4096,all-hit,hashed,2,134,39482.47
128,4096,all-hit,adaptive,2,1017,4874.99
128,4096,all-hit,linear,2,1004,4907.38
128,4096,all-hit,sorted,2,176,28605.97
128,4096,all-hit,adaptive,3,1017,4806.12
128,4096,all-hit,linear,3,1004,4750.53
128,4096,all-hit,sorted,3,176,28550.40
128,4096,all-hit,hashed,3,134,38536.54
128,4096,all-hit,linear,4,1004,4708.82
128,4096,all-hit,sorted,4,176,27899.12
128,4096,all-hit,hashed,4,134,37724.21
128,4096,all-hit,adaptive,4,1017,4754.99
128,4096,all-hit,sorted,5,176,28954.17
128,4096,all-hit,hashed,5,134,37680.08
128,4096,all-hit,adaptive,5,1017,4798.17
128,4096,all-hit,linear,5,1004,4700.33
128,4096,all-hit,hashed,6,134,38325.12
128,4096,all-hit,adaptive,6,1017,4893.68
128,4096,all-hit,linear,6,1004,4801.31
128,4096,all-hit,sorted,6,176,28700.67
1024,0,miss,linear,0,9861,512.99
1024,0,miss,sorted,0,100000,2.39
1024,0,miss,hashed,0,100000,4.76
1024,0,miss,adaptive,0,9940,522.11
1024,0,miss,sorted,1,100000,2.18
1024,0,miss,hashed,1,100000,4.94
1024,0,miss,adaptive,1,9940,520.31
1024,0,miss,linear,1,9861,514.79
1024,0,miss,hashed,2,100000,4.64
1024,0,miss,adaptive,2,9940,512.45
1024,0,miss,linear,2,9861,499.28
1024,0,miss,sorted,2,100000,2.18
1024,0,miss,adaptive,3,9940,511.05
1024,0,miss,linear,3,9861,502.00
1024,0,miss,sorted,3,100000,2.58
1024,0,miss,hashed,3,100000,4.82
1024,0,miss,linear,4,9861,507.07
1024,0,miss,sorted,4,100000,2.28
1024,0,miss,hashed,4,100000,4.78
1024,0,miss,adaptive,4,9940,518.78
1024,0,miss,sorted,5,100000,2.30
1024,0,miss,hashed,5,100000,4.66
1024,0,miss,adaptive,5,9940,524.39
1024,0,miss,linear,5,9861,533.20
1024,0,miss,hashed,6,100000,4.59
1024,0,miss,adaptive,6,9940,537.00
1024,0,miss,linear,6,9861,548.18
1024,0,miss,sorted,6,100000,2.64
1024,0,mixed,linear,0,8912,510.91
1024,0,mixed,sorted,0,100000,2.39
1024,0,mixed,hashed,0,100000,4.57
1024,0,mixed,adaptive,0,8960,589.13
1024,0,mixed,sorted,1,100000,2.37
1024,0,mixed,hashed,1,100000,4.57
1024,0,mixed,adaptive,1,8960,520.68
1024,0,mixed,linear,1,8912,535.22
1024,0,mixed,hashed,2,100000,4.64
1024,0,mixed,adaptive,2,8960,565.93
1024,0,mixed,linear,2,8912,565.34
1024,0,mixed,sorted,2,100000,2.46
1024,0,mixed,adaptive,3,8960,538.51
1024,0,mixed,linear,3,8912,569.76
1024,0,mixed,sorted,3,100000,3.01
1024,0,mixed,hashed,3,100000,5.98
1024,0,mixed,linear,4,8912,557.92
1024,0,mixed,sorted,4,100000,2.45
1024,0,mixed,hashed,4,100000,5.01
1024,0,mixed,adaptive,4,8960,560.57
1024,0,mixed,sorted,5,100000,2.18
1024,0,mixed,hashed,5,100000,4.66
1024,0,mixed,adaptive,5,8960,571.27
1024,0,mixed,linear,5,8912,559.75
1024,0,mixed,hashed,6,100000,5.09
1024,0,mixed,adaptive,6,8960,563.48
1024,0,mixed,linear,6,8912,549.17
1024,0,mixed,sorted,6,100000,2.39
1024,0,duplicates,linear,0,8928,569.59
1024,0,duplicates,sorted,0,100000,2.41
1024,0,duplicates,hashed,0,100000,5.07
1024,0,duplicates,adaptive,0,8992,557.37
1024,0,duplicates,sorted,1,100000,2.48
1024,0,duplicates,hashed,1,100000,5.01
1024,0,duplicates,adaptive,1,8992,560.21
1024,0,duplicates,linear,1,8928,570.88
1024,0,duplicates,hashed,2,100000,5.13
1024,0,duplicates,adaptive,2,8992,538.66
1024,0,duplicates,linear,2,8928,539.46
1024,0,duplicates,sorted,2,100000,4.72
1024,0,duplicates,adaptive,3,8992,581.94
1024,0,duplicates,linear,3,8928,535.71
1024,0,duplicates,sorted,3,100000,2.46
1024,0,duplicates,hashed,3,100000,6.04
1024,0,duplicates,linear,4,8928,530.95
1024,0,duplicates,sorted,4,100000,2.64
1024,0,duplicates,hashed,4,100000,6.53
1024,0,duplicates,adaptive,4,8992,573.03
1024,0,duplicates,sorted,5,100000,2.40
1024,0,duplicates,hashed,5,100000,5.17
1024,0,duplicates,adaptive,5,8992,548.45
1024,0,duplicates,linear,5,8928,555.89
1024,0,duplicates,hashed,6,100000,7.51
1024,0,duplicates,adaptive,6,8992,597.24
1024,0,duplicates,linear,6,8928,570.54
1024,0,duplicates,sorted,6,100000,2.61
1024,0,all-hit,linear,0,9861,530.44
1024,0,all-hit,sorted,0,100000,2.45
1024,0,all-hit,hashed,0,100000,7.66
1024,0,all-hit,adaptive,0,9920,579.88
1024,0,all-hit,sorted,1,100000,2.39
1024,0,all-hit,hashed,1,100000,5.34
1024,0,all-hit,adaptive,1,9920,553.82
1024,0,all-hit,linear,1,9861,560.60
1024,0,all-hit,hashed,2,100000,5.35
1024,0,all-hit,adaptive,2,9920,540.81
1024,0,all-hit,linear,2,9861,546.81
1024,0,all-hit,sorted,2,100000,2.46
1024,0,all-hit,adaptive,3,9920,556.39
1024,0,all-hit,linear,3,9861,555.89
1024,0,all-hit,sorted,3,100000,2.41
1024,0,all-hit,hashed,3,100000,5.06
1024,0,all-hit,linear,4,9861,569.39
1024,0,all-hit,sorted,4,100000,2.64
1024,0,all-hit,hashed,4,100000,5.01
1024,0,all-hit,adaptive,4,9920,583.06
1024,0,all-hit,sorted,5,100000,2.40
1024,0,all-hit,hashed,5,100000,5.01
1024,0,all-hit,adaptive,5,9920,566.61
1024,0,all-hit,linear,5,9861,498.86
1024,0,all-hit,hashed,6,100000,4.99
1024,0,all-hit,adaptive,6,9920,570.40
1024,0,all-hit,linear,6,9861,552.56
1024,0,all-hit,sorted,6,100000,2.40
1024,1,miss,linear,0,5154,970.55
1024,1,miss,sorted,0,18450,263.09
1024,1,miss,hashed,0,551,8933.21
1024,1,miss,adaptive,0,5186,942.58
1024,1,miss,sorted,1,18450,250.80
1024,1,miss,hashed,1,551,8306.50
1024,1,miss,adaptive,1,5186,962.40
1024,1,miss,linear,1,5154,915.70
1024,1,miss,hashed,2,551,8715.30
1024,1,miss,adaptive,2,5186,920.83
1024,1,miss,linear,2,5154,963.25
1024,1,miss,sorted,2,18450,244.86
1024,1,miss,adaptive,3,5186,1049.62
1024,1,miss,linear,3,5154,884.38
1024,1,miss,sorted,3,18450,245.55
1024,1,miss,hashed,3,551,8764.25
1024,1,miss,linear,4,5154,981.08
1024,1,miss,sorted,4,18450,247.49
1024,1,miss,hashed,4,551,8646.65
1024,1,miss,adaptive,4,5186,1024.09
1024,1,miss,sorted,5,18450,243.40
1024,1,miss,hashed,5,551,8732.66
1024,1,miss,adaptive,5,5186,1041.29
1024,1,miss,linear,5,5154,908.22
1024,1,miss,hashed,6,551,8420.50
1024,1,miss,adaptive,6,5186,962.65
1024,1,miss,linear,6,5154,928.88
1024,1,miss,sorted,6,18450,241.20
1024,1,mixed,linear,0,5694,896.96
1024,1,mixed,sorted,0,21008,246.41
1024,1,mixed,hashed,0,576,8485.33
1024,1,mixed,adaptive,0,5701,1073.14
1024,1,mixed,sorted,1,21008,252.13
1024,1,mixed,hashed,1,576,8643.00
1024,1,mixed,adaptive,1,5701,1009.45
1024,1,mixed,linear,1,5694,1025.09
1024,1,mixed,hashed,2,576,9352.58
1024,1,mixed,adaptive,2,5701,939.52
1024,1,mixed,linear,2,5694,1016.97
1024,1,mixed,sorted,2,21008,233.09
1024,1,mixed,adaptive,3,5701,989.76
1024,1,mixed,linear,3,5694,1022.86
1024,1,mixed,sorted,3,21008,242.62
1024,1,mixed,hashed,3,576,8259.85
1024,1,mixed,linear,4,5694,1066.69
1024,1,mixed,sorted,4,21008,263.89
1024,1,mixed,hashed,4,576,8726.57
1024,1,mixed,adaptive,4,5701,1130.78
1024,1,mixed,sorted,5,21008,358.51
1024,1,mixed,hashed,5,576,12889.57
1024,1,mixed,adaptive,5,5701,1746.60
1024,1,mixed,linear,5,5694,1230.08
1024,1,mixed,hashed,6,576,9457.34
1024,1,mixed,adaptive,6,5701,968.48
1024,1,mixed,linear,6,5694,964.18
1024,1,mixed,sorted,6,21008,252.00
1024,1,duplicates,linear,0,5138,990.71
1024,1,duplicates,sorted,0,18939,259.63
1024,1,duplicates,hashed,0,551,9064.46
1024,1,duplicates,adaptive,0,5181,1083.27
1024,1,duplicates,sorted,1,18939,262.39
1024,1,duplicates,hashed,1,551,9607.99
1024,1,duplicates,adaptive,1,5181,978.71
1024,1,duplicates,linear,1,5138,978.91
1024,1,duplicates,hashed,2,551,9061.75
1024,1,duplicates,adaptive,2,5181,1074.02
1024,1,duplicates,linear,2,5138,1121.30
1024,1,duplicates,sorted,2,18939,261.11
1024,1,duplicates,adaptive,3,5181,1029.79
1024,1,duplicates,linear,3,5138,1110.78
1024,1,duplicates,sorted,3,18939,430.49
1024,1,duplicates,hashed,3,551,13454.20
1024,1,duplicates,linear,4,5138,1593.06
1024,1,duplicates,sorted,4,18939,433.95
1024,1,duplicates,hashed,4,551,13783.48
1024,1,duplicates,adaptive,4,5181,1589.33
1024,1,duplicates,sorted,5,18939,451.67
1024,1,duplicates,hashed,5,551,13755.21
1024,1,duplicates,adaptive,5,5181,1310.32
1024,1,duplicates,linear,5,5138,1148.67
1024,1,duplicates,hashed,6,551,9080.63
1024,1,duplicates,adaptive,6,5181,998.56
1024,1,duplicates,linear,6,5138,1899.61
1024,1,duplicates,sorted,6,18939,331.77
1024,1,all-hit,linear,0,3280,1453.45
1024,1,all-hit,sorted,0,12626,321.96
1024,1,all-hit,hashed,0,416,10190.02
1024,1,all-hit,adaptive,0,2873,1119.77
1024,1,all-hit,sorted,1,12626,320.22
1024,1,all-hit,hashed,1,416,12679.17
1024,1,all-hit,adaptive,1,2873,1439.88
1024,1,all-hit,linear,1,3280,1343.87
1024,1,all-hit,hashed,2,416,12635.20
1024,1,all-hit,adaptive,2,2873,1365.47
1024,1,all-hit,linear,2,3280,996.30
1024,1,all-hit,sorted,2,12626,265.28
1024,1,all-hit,adaptive,3,2873,1087.05
1024,1,all-hit,linear,3,3280,948.46
1024,1,all-hit,sorted,3,12626,328.80
1024,1,all-hit,hashed,3,416,17051.03
1024,1,all-hit,linear,4,3280,1942.64
1024,1,all-hit,sorted,4,12626,305.33
1024,1,all-hit,hashed,4,416,9576.89
1024,1,all-hit,adaptive,4,2873,1106.90
1024,1,all-hit,sorted,5,12626,270.26
1024,1,all-hit,hashed,5,416,9079.90
1024,1,all-hit,adaptive,5,2873,1038.16
1024,1,all-hit,linear,5,3280,1078.97
1024,1,all-hit,hashed,6,416,9596.19
1024,1,all-hit,adaptive,6,2873,960.10
1024,1,all-hit,linear,6,3280,983.70
1024,1,all-hit,sorted,6,12626,238.56
1024,16,miss,linear,0,737,8276.93
1024,16,miss,sorted,0,1430,3801.19
1024,16,miss,hashed,0,552,10034.64
1024,16,miss,adaptive,0,737,13105.70
1024,16,miss,sorted,1,1430,6112.90
1024,16,miss,hashed,1,552,12542.77
1024,16,miss,adaptive,1,737,9815.31
1024,16,miss,linear,1,737,7937.37
1024,16,miss,hashed,2,552,9719.29
1024,16,miss,adaptive,2,737,7417.90
1024,16,miss,linear,2,737,7711.98
1024,16,miss,sorted,2,1430,3734.96
1024,16,miss,adaptive,3,737,6916.02
1024,16,miss,linear,3,737,7501.73
1024,16,miss,sorted,3,1430,3769.45
1024,16,miss,hashed,3,552,9311.33
1024,16,miss,linear,4,737,7241.99
1024,16,miss,sorted,4,1430,3807.34
1024,16,miss,hashed,4,552,9586.89
1024,16,miss,adaptive,4,737,7566.97
1024,16,miss,sorted,5,1430,3838.19
1024,16,miss,hashed,5,552,9631.38
1024,16,miss,adaptive,5,737,7513.28
1024,16,miss,linear,5,737,7903.41
1024,16,miss,hashed,6,552,10469.99
1024,16,miss,adaptive,6,737,11372.38
1024,16,miss,linear,6,737,10260.53
1024,16,miss,sorted,6,1430,6076.15
1024,16,mixed,linear,0,373,22107.09
1024,16,mixed,sorted,0,734,5857.32
1024,16,mixed,hashed,0,393,11728.43
1024,16,mixed,adaptive,0,368,12986.46
1024,16,mixed,sorted,1,734,5370.85
1024,16,mixed,hashed,1,393,12054.09
1024,16,mixed,adaptive,1,368,12826.45
1024,16,mixed,linear,1,373,11451.73
1024,16,mixed,hashed,2,393,10347.39
1024,16,mixed,adaptive,2,368,8964.49
1024,16,mixed,linear,2,373,10419.29
1024,16,mixed,sorted,2,734,4840.36
1024,16,mixed,adaptive,3,368,8982.07
1024,16,mixed,linear,3,373,9499.13
1024,16,mixed,sorted,3,734,4377.68
1024,16,mixed,hashed,3,393,10182.08
1024,16,mixed,linear,4,373,8351.86
1024,16,mixed,sorted,4,734,3922.63
1024,16,mixed,hashed,4,393,10131.58
1024,16,mixed,adaptive,4,368,9240.46
1024,16,mixed,sorted,5,734,3848.03
1024,16,mixed,hashed,5,393,10131.91
1024,16,mixed,adaptive,5,368,7640.31
1024,16,mixed,linear,5,373,8201.56
1024,16,mixed,hashed,6,393,10511.67
1024,16,mixed,adaptive,6,368,7635.44
1024,16,mixed,linear,6,373,7087.55
1024,16,mixed,sorted,6,734,3533.90
1024,16,duplicates,linear,0,741,7324.44
1024,16,duplicates,sorted,0,1448,4125.24
1024,16,duplicates,hashed,0,605,8682.26
1024,16,duplicates,adaptive,0,741,7562.65
1024,16,duplicates,sorted,1,1448,4017.11
1024,16,duplicates,hashed,1,605,9113.27
1024,16,duplicates,adaptive,1,741,7981.33
1024,16,duplicates,linear,1,741,7789.58
1024,16,duplicates,hashed,2,605,8312.70
1024,16,duplicates,adaptive,2,741,7890.97
1024,16,duplicates,linear,2,741,7627.29
1024,16,duplicates,sorted,2,1448,3625.72
1024,16,duplicates,adaptive,3,741,7508.75
1024,16,duplicates,linear,3,741,7506.23
1024,16,duplicates,sorted,3,1448,3788.94
1024,16,duplicates,hashed,3,605,9390.41
1024,16,duplicates,linear,4,741,7841.84
1024,16,duplicates,sorted,4,1448,3566.88
1024,16,duplicates,hashed,4,605,8862.98
1024,16,duplicates,adaptive,4,741,7721.07
1024,16,duplicates,sorted,5,1448,4009.34
1024,16,duplicates,hashed,5,605,10013.17
1024,16,duplicates,adaptive,5,741,6989.78
1024,16,duplicates,linear,5,741,7338.14
1024,16,duplicates,hashed,6,605,8946.16
1024,16,duplicates,adaptive,6,741,7166.14
1024,16,duplicates,linear,6,741,7243.66
1024,16,duplicates,sorted,6,1448,3555.85
1024,16,all-hit,linear,0,715,6965.13
1024,16,all-hit,sorted,0,1445,3557.54
1024,16,all-hit,hashed,0,553,9837.31
1024,16,all-hit,adaptive,0,717,7103.91
1024,16,all-hit,sorted,1,1445,3493.81
1024,16,all-hit,hashed,1,553,9308.44
1024,16,all-hit,adaptive,1,717,7160.95
1024,16,all-hit,linear,1,715,7209.41
1024,16,all-hit,hashed,2,553,8972.37
1024,16,all-hit,adaptive,2,717,6847.17
1024,16,all-hit,linear,2,715,7491.21
1024,16,all-hit,sorted,2,1445,3623.25
1024,16,all-hit,adaptive,3,717,6701.80
1024,16,all-hit,linear,3,715,6820.53
1024,16,all-hit,sorted,3,1445,3506.95
1024,16,all-hit,hashed,3,553,9337.13
1024,16,all-hit,linear,4,715,6986.79
1024,16,all-hit,sorted,4,1445,3728.89
1024,16,all-hit,hashed,4,553,9509.38
1024,16,all-hit,adaptive,4,717,7949.55
1024,16,all-hit,sorted,5,1445,3542.37
1024,16,all-hit,hashed,5,553,9115.65
1024,16,all-hit,adaptive,5,717,6702.80
1024,16,all-hit,linear,5,715,6811.06
1024,16,all-hit,hashed,6,553,9095.77
1024,16,all-hit,adaptive,6,717,6974.07
1024,16,all-hit,linear,6,715,6960.72
1024,16,all-hit,sorted,6,1445,3597.56
1024,32,miss,linear,0,222,15128.14
1024,32,miss,sorted,0,1014,4590.38
1024,32,miss,hashed,0,494,9371.06
1024,32,miss,adaptive,0,1124,4661.40
1024,32,miss,sorted,1,1014,4446.29
1024,32,miss,hashed,1,494,9672.22
1024,32,miss,adaptive,1,1124,7251.09
1024,32,miss,linear,1,222,21019.95
1024,32,miss,hashed,2,494,10326.85
1024,32,miss,adaptive,2,1124,4745.59
1024,32,miss,linear,2,222,21918.54
1024,32,miss,sorted,2,1014,4836.32
1024,32,miss,adaptive,3,1124,4617.79
1024,32,miss,linear,3,222,17221.72
1024,32,miss,sorted,3,1014,4955.84
1024,32,miss,hashed,3,494,13821.22
1024,32,miss,linear,4,222,27771.71
1024,32,miss,sorted,4,1014,6883.26
1024,32,miss,hashed,4,494,9888.50
1024,32,miss,adaptive,4,1124,4489.51
1024,32,miss,sorted,5,1014,4701.89
1024,32,miss,hashed,5,494,10453.76
1024,32,miss,adaptive,5,1124,4912.29
1024,32,miss,linear,5,222,19974.26
1024,32,miss,hashed,6,494,9989.80
1024,32,miss,adaptive,6,1124,4833.36
1024,32,miss,linear,6,222,20152.35
1024,32,miss,sorted,6,1014,4855.09
1024,32,mixed,linear,0,201,25089.72
1024,32,mixed,sorted,0,1008,4812.59
1024,32,mixed,hashed,0,473,10043.96
1024,32,mixed,adaptive,0,1011,4446.30
1024,32,mixed,sorted,1,1008,4971.71
1024,32,mixed,hashed,1,473,10399.84
1024,32,mixed,adaptive,1,1011,4941.66
1024,32,mixed,linear,1,201,24105.17
1024,32,mixed,hashed,2,473,10704.98
1024,32,mixed,adaptive,2,1011,5026.17
1024,32,mixed,linear,2,201,25239.16
1024,32,mixed,sorted,2,1008,5719.59
1024,32,mixed,adaptive,3,1011,4932.76
1024,32,mixed,linear,3,201,24533.14
1024,32,mixed,sorted,3,1008,4923.94
1024,32,mixed,hashed,3,473,10269.24
1024,32,mixed,linear,4,201,25224.30
1024,32,mixed,sorted,4,1008,4928.16
1024,32,mixed,hashed,4,473,10622.05
1024,32,mixed,adaptive,4,1011,4939.00
1024,32,mixed,sorted,5,1008,4735.25
1024,32,mixed,hashed,5,473,9800.21
1024,32,mixed,adaptive,5,1011,4580.09
1024,32,mixed,linear,5,201,22909.38
1024,32,mixed,hashed,6,473,10208.74
1024,32,mixed,adaptive,6,1011,5588.17
1024,32,mixed,linear,6,201,24714.03
1024,32,mixed,sorted,6,1008,4845.97
1024,32,duplicates,linear,0,202,24097.81
1024,32,duplicates,sorted,0,1033,4751.10
1024,32,duplicates,hashed,0,531,9420.11
1024,32,duplicates,adaptive,0,958,4735.39
1024,32,duplicates,sorted,1,1033,4630.70
1024,32,duplicates,hashed,1,531,10220.41
1024,32,duplicates,adaptive,1,958,4805.76
1024,32,duplicates,linear,1,202,22484.35
1024,32,duplicates,hashed,2,531,9467.07
1024,32,duplicates,adaptive,2,958,4660.47
1024,32,duplicates,linear,2,202,24431.00
1024,32,duplicates,sorted,2,1033,4763.05
1024,32,duplicates,adaptive,3,958,4904.39
1024,32,duplicates,linear,3,202,24153.29
1024,32,duplicates,sorted,3,1033,4722.62
1024,32,duplicates,hashed,3,531,9199.45
1024,32,duplicates,linear,4,202,24142.71
1024,32,duplicates,sorted,4,1033,4704.31
1024,32,duplicates,hashed,4,531,9295.97
1024,32,duplicates,adaptive,4,958,4757.35
1024,32,duplicates,sorted,5,1033,5002.02
1024,32,duplicates,hashed,5,531,9269.23
1024,32,duplicates,adaptive,5,958,4816.94
1024,32,duplicates,linear,5,202,22895.29
1024,32,duplicates,hashed,6,531,8833.05
1024,32,duplicates,adaptive,6,958,4633.59
1024,32,duplicates,linear,6,202,24693.49
1024,32,duplicates,sorted,6,1033,4934.50
1024,32,all-hit,linear,0,206,15507.17
1024,32,all-hit,sorted,0,1008,5413.11
1024,32,all-hit,hashed,0,485,10326.82
1024,32,all-hit,adaptive,0,1011,4971.75
1024,32,all-hit,sorted,1,1008,4829.56
1024,32,all-hit,hashed,1,485,10205.68
1024,32,all-hit,adaptive,1,1011,4772.81
1024,32,all-hit,linear,1,206,16016.10
1024,32,all-hit,hashed,2,485,10253.71
1024,32,all-hit,adaptive,2,1011,4732.11
1024,32,all-hit,linear,2,206,14558.14
1024,32,all-hit,sorted,2,1008,4679.69
1024,32,all-hit,adaptive,3,1011,4761.29
1024,32,all-hit,linear,3,206,15486.33
1024,32,all-hit,sorted,3,1008,4860.25
1024,32,all-hit,hashed,3,485,10162.03
1024,32,all-hit,linear,4,206,16990.91
1024,32,all-hit,sorted,4,1008,4725.22
1024,32,all-hit,hashed,4,485,9566.55
1024,32,all-hit,adaptive,4,1011,4895.92
1024,32,all-hit,sorted,5,1008,5239.65
1024,32,all-hit,hashed,5,485,9864.25
1024,32,all-hit,adaptive,5,1011,4862.84
1024,32,all-hit,linear,5,206,15781.31
1024,32,all-hit,hashed,6,485,9860.99
1024,32,all-hit,adaptive,6,1011,4945.05
1024,32,all-hit,linear,6,206,15252.23
1024,32,all-hit,sorted,6,1008,5562.35
1024,64,miss,linear,0,112,43468.41
1024,64,miss,sorted,0,790,6095.65
1024,64,miss,hashed,0,462,10709.20
1024,64,miss,adaptive,0,795,6438.51
1024,64,miss,sorted,1,790,6461.95
1024,64,miss,hashed,1,462,10809.79
1024,64,miss,adaptive,1,795,6288.37
1024,64,miss,linear,1,112,42230.74
1024,64,miss,hashed,2,462,10539.65
1024,64,miss,adaptive,2,795,6311.35
1024,64,miss,linear,2,112,41101.64
1024,64,miss,sorted,2,790,6314.44
1024,64,miss,adaptive,3,795,6900.60
1024,64,miss,linear,3,112,67265.63
1024,64,miss,sorted,3,790,10741.55
1024,64,miss,hashed,3,462,14733.88
1024,64,miss,linear,4,112,51345.13
1024,64,miss,sorted,4,790,9405.67
1024,64,miss,hashed,4,462,11012.94
1024,64,miss,adaptive,4,795,6325.49
1024,64,miss,sorted,5,790,6469.95
1024,64,miss,hashed,5,462,10754.41
1024,64,miss,adaptive,5,795,6331.54
1024,64,miss,linear,5,112,44693.44
1024,64,miss,hashed,6,462,10769.06
1024,64,miss,adaptive,6,795,6315.10
1024,64,miss,linear,6,112,43975.96
1024,64,miss,sorted,6,790,6303.16
1024,64,mixed,linear,0,115,42515.92
1024,64,mixed,sorted,0,793,6315.00
1024,64,mixed,hashed,0,440,10950.08
1024,64,mixed,adaptive,0,742,6091.69
1024,64,mixed,sorted,1,793,5979.62
1024,64,mixed,hashed,1,440,10630.77
1024,64,mixed,adaptive,1,742,5766.30
1024,64,mixed,linear,1,115,43398.44
1024,64,mixed,hashed,2,440,10973.41
1024,64,mixed,adaptive,2,742,6368.08
1024,64,mixed,linear,2,115,44006.15
1024,64,mixed,sorted,2,793,6333.90
1024,64,mixed,adaptive,3,742,6462.96
1024,64,mixed,linear,3,115,43345.55
1024,64,mixed,sorted,3,793,5997.07
1024,64,mixed,hashed,3,440,11096.10
1024,64,mixed,linear,4,115,39969.11
1024,64,mixed,sorted,4,793,6208.34
1024,64,mixed,hashed,4,440,11340.00
1024,64,mixed,adaptive,4,742,6036.23
1024,64,mixed,sorted,5,793,6022.92
1024,64,mixed,hashed,5,440,10486.48
1024,64,mixed,adaptive,5,742,6272.10
1024,64,mixed,linear,5,115,40034.65
1024,64,mixed,hashed,6,440,10428.87
1024,64,mixed,adaptive,6,742,6448.87
1024,64,mixed,linear,6,115,39432.14
1024,64,mixed,sorted,6,793,5898.33
1024,64,duplicates,linear,0,126,42806.53
1024,64,duplicates,sorted,0,907,6479.57
1024,64,duplicates,hashed,0,517,9820.53
1024,64,duplicates,adaptive,0,808,5904.19
1024,64,duplicates,sorted,1,907,6818.42
1024,64,duplicates,hashed,1,517,9945.06
1024,64,duplicates,adaptive,1,808,5842.21
1024,64,duplicates,linear,1,126,46046.55
1024,64,duplicates,hashed,2,517,9511.57
1024,64,duplicates,adaptive,2,808,5919.99
1024,64,duplicates,linear,2,126,45224.29
1024,64,duplicates,sorted,2,907,6209.23
1024,64,duplicates,adaptive,3,808,5902.06
1024,64,duplicates,linear,3,126,45014.75
1024,64,duplicates,sorted,3,907,6228.42
1024,64,duplicates,hashed,3,517,10734.27
1024,64,duplicates,linear,4,126,45315.67
1024,64,duplicates,sorted,4,907,6000.11
1024,64,duplicates,hashed,4,517,9390.06
1024,64,duplicates,adaptive,4,808,6533.43
1024,64,duplicates,sorted,5,907,6345.20
1024,64,duplicates,hashed,5,517,9072.24
1024,64,duplicates,adaptive,5,808,6084.04
1024,64,duplicates,linear,5,126,44124.70
1024,64,duplicates,hashed,6,517,9589.67
1024,64,duplicates,adaptive,6,808,5674.87
1024,64,duplicates,linear,6,126,46211.17
1024,64,duplicates,sorted,6,907,5695.64
1024,64,all-hit,linear,0,116,48764.08
1024,64,all-hit,sorted,0,794,8070.18
1024,64,all-hit,hashed,0,462,10963.72
1024,64,all-hit,adaptive,0,795,6257.14
1024,64,all-hit,sorted,1,794,6568.06
1024,64,all-hit,hashed,1,462,10551.23
1024,64,all-hit,adaptive,1,795,5883.70
1024,64,all-hit,linear,1,116,43757.80
1024,64,all-hit,hashed,2,462,10275.78
1024,64,all-hit,adaptive,2,795,6167.86
1024,64,all-hit,linear,2,116,42837.18
1024,64,all-hit,sorted,2,794,6750.57
1024,64,all-hit,adaptive,3,795,6457.51
1024,64,all-hit,linear,3,116,41448.48
1024,64,all-hit,sorted,3,794,6776.16
1024,64,all-hit,hashed,3,462,10882.53
1024,64,all-hit,linear,4,116,40096.98
1024,64,all-hit,sorted,4,794,7606.12
1024,64,all-hit,hashed,4,462,10817.92
1024,64,all-hit,adaptive,4,795,6116.20
1024,64,all-hit,sorted,5,794,6601.71
1024,64,all-hit,hashed,5,462,10796.63
1024,64,all-hit,adaptive,5,795,6066.65
1024,64,all-hit,linear,5,116,41585.97
1024,64,all-hit,hashed,6,462,11059.61
1024,64,all-hit,adaptive,6,795,6377.86
1024,64,all-hit,linear,6,116,42332.44
1024,64,all-hit,sorted,6,794,6751.22
1024,256,miss,linear,0,31,158678.97
1024,256,miss,sorted,0,493,10273.13
1024,256,miss,hashed,0,381,13509.08
1024,256,miss,adaptive,0,500,10383.36
1024,256,miss,sorted,1,493,10166.25
1024,256,miss,hashed,1,381,13774.60
1024,256,miss,adaptive,1,500,10074.02
1024,256,miss,linear,1,31,157418.03
1024,256,miss,hashed,2,381,13474.02
1024,256,miss,adaptive,2,500,9879.85
1024,256,miss,linear,2,31,158792.77
1024,256,miss,sorted,2,493,9916.18
1024,256,miss,adaptive,3,500,10012.14
1024,256,miss,linear,3,31,156366.61
1024,256,miss,sorted,3,493,11578.11
1024,256,miss,hashed,3,381,13067.02
1024,256,miss,linear,4,31,153846.35
1024,256,miss,sorted,4,493,9335.59
1024,256,miss,hashed,4,381,12749.02
1024,256,miss,adaptive,4,500,9578.77
1024,256,miss,sorted,5,493,10160.08
1024,256,miss,hashed,5,381,13351.88
1024,256,miss,adaptive,5,500,9364.35
1024,256,miss,linear,5,31,155727.65
1024,256,miss,hashed,6,381,12279.54
1024,256,miss,adaptive,6,500,9598.52
1024,256,miss,linear,6,31,150370.03
1024,256,miss,sorted,6,493,10951.67
1024,256,mixed,linear,0,34,152296.21
1024,256,mixed,sorted,0,385,10279.74
1024,256,mixed,hashed,0,305,13061.54
1024,256,mixed,adaptive,0,492,10272.63
1024,256,mixed,sorted,1,385,11082.70
1024,256,mixed,hashed,1,305,14036.79
1024,256,mixed,adaptive,1,492,9796.18
1024,256,mixed,linear,1,34,148669.12
1024,256,mixed,hashed,2,305,14225.56
1024,256,mixed,adaptive,2,492,10199.98
1024,256,mixed,linear,2,34,142847.44
1024,256,mixed,sorted,2,385,10742.12
1024,256,mixed,adaptive,3,492,9805.20
1024,256,mixed,linear,3,34,150320.21
1024,256,mixed,sorted,3,385,10199.88
1024,256,mixed,hashed,3,305,13836.06
1024,256,mixed,linear,4,34,146983.79
1024,256,mixed,sorted,4,385,9842.47
1024,256,mixed,hashed,4,305,13518.10
1024,256,mixed,adaptive,4,492,10078.81
1024,256,mixed,sorted,5,385,9594.16
1024,256,mixed,hashed,5,305,12603.01
1024,256,mixed,adaptive,5,492,10496.02
1024,256,mixed,linear,5,34,141118.29
1024,256,mixed,hashed,6,305,13064.77
1024,256,mixed,adaptive,6,492,9996.62
1024,256,mixed,linear,6,34,158130.03
1024,256,mixed,sorted,6,385,12574.75
1024,256,duplicates,linear,0,31,154467.94
1024,256,duplicates,sorted,0,640,9265.99
1024,256,duplicates,hashed,0,476,11272.57
1024,256,duplicates,adaptive,0,641,8970.01
1024,256,duplicates,sorted,1,640,10656.88
1024,256,duplicates,hashed,1,476,11631.78
1024,256,duplicates,adaptive,1,641,9054.90
1024,256,duplicates,linear,1,31,159235.87
1024,256,duplicates,hashed,2,476,11365.07
1024,256,duplicates,adaptive,2,641,8970.43
1024,256,duplicates,linear,2,31,152662.48
1024,256,duplicates,sorted,2,640,8260.43
1024,256,duplicates,adaptive,3,641,8904.03
1024,256,duplicates,linear,3,31,158481.10
1024,256,duplicates,sorted,3,640,8444.50
1024,256,duplicates,hashed,3,476,11857.99
1024,256,duplicates,linear,4,31,161388.00
1024,256,duplicates,sorted,4,640,8800.26
1024,256,duplicates,hashed,4,476,11086.93
1024,256,duplicates,adaptive,4,641,9166.74
1024,256,duplicates,sorted,5,640,8411.50
1024,256,duplicates,hashed,5,476,10728.80
1024,256,duplicates,adaptive,5,641,9151.04
1024,256,duplicates,linear,5,31,152381.87
1024,256,duplicates,hashed,6,476,11303.31
1024,256,duplicates,adaptive,6,641,9111.29
1024,256,duplicates,linear,6,31,156694.61
1024,256,duplicates,sorted,6,640,8567.42
1024,256,all-hit,linear,0,36,145852.67
1024,256,all-hit,sorted,0,494,9786.68
1024,256,all-hit,hashed,0,345,11953.54
1024,256,all-hit,adaptive,0,310,10186.20
1024,256,all-hit,sorted,1,494,10090.97
1024,256,all-hit,hashed,1,345,12979.29
1024,256,all-hit,adaptive,1,310,9629.21
1024,256,all-hit,linear,1,36,140458.50
1024,256,all-hit,hashed,2,345,13212.75
1024,256,all-hit,adaptive,2,310,13527.31
1024,256,all-hit,linear,2,36,135415.72
1024,256,all-hit,sorted,2,494,11275.94
1024,256,all-hit,adaptive,3,310,9465.66
1024,256,all-hit,linear,3,36,133689.08
1024,256,all-hit,sorted,3,494,9744.15
1024,256,all-hit,hashed,3,345,12878.06
1024,256,all-hit,linear,4,36,138041.53
1024,256,all-hit,sorted,4,494,10696.88
1024,256,all-hit,hashed,4,345,13344.02
1024,256,all-hit,adaptive,4,310,10087.26
1024,256,all-hit,sorted,5,494,10079.62
1024,256,all-hit,hashed,5,345,12523.50
1024,256,all-hit,adaptive,5,310,10522.70
1024,256,all-hit,linear,5,36,136610.86
1024,256,all-hit,hashed,6,345,12183.51
1024,256,all-hit,adaptive,6,310,8994.81
1024,256,all-hit,linear,6,36,137802.11
1024,256,all-hit,sorted,6,494,10235.32
4096,1024,miss,linear,0,2,2554050.00
4096,1024,miss,sorted,0,105,47617.66
4096,1024,miss,hashed,0,100,54656.74
4096,1024,miss,adaptive,0,107,48241.11
4096,1024,miss,sorted,1,105,50452.29
4096,1024,miss,hashed,1,100,54053.01
4096,1024,miss,adaptive,1,107,54349.19
4096,1024,miss,linear,1,2,2508051.00
4096,1024,miss,hashed,2,100,52512.98
4096,1024,miss,adaptive,2,107,61615.25
4096,1024,miss,linear,2,2,2307036.00
4096,1024,miss,sorted,2,105,51215.91
4096,1024,miss,adaptive,3,107,47954.31
4096,1024,miss,linear,3,2,2509367.00
4096,1024,miss,sorted,3,105,51850.91
4096,1024,miss,hashed,3,100,53255.57
4096,1024,miss,linear,4,2,2437683.00
4096,1024,miss,sorted,4,105,50528.21
4096,1024,miss,hashed,4,100,51978.51
4096,1024,miss,adaptive,4,107,49317.64
4096,1024,miss,sorted,5,105,47616.99
4096,1024,miss,hashed,5,100,52036.60
4096,1024,miss,adaptive,5,107,46640.67
4096,1024,miss,linear,5,2,2353366.00
4096,1024,miss,hashed,6,100,52666.29
4096,1024,miss,adaptive,6,107,50551.42
4096,1024,miss,linear,6,2,2408701.50
4096,1024,miss,sorted,6,105,51803.93
4096,1024,mixed,linear,0,2,2349934.00
4096,1024,mixed,sorted,0,100,52909.08
4096,1024,mixed,hashed,0,99,51980.42
4096,1024,mixed,adaptive,0,102,49795.65
4096,1024,mixed,sorted,1,100,54621.94
4096,1024,mixed,hashed,1,99,51800.95
4096,1024,mixed,adaptive,1,102,47392.74
4096,1024,mixed,linear,1,2,2387240.50
4096,1024,mixed,hashed,2,99,49958.13
4096,1024,mixed,adaptive,2,102,48944.24
4096,1024,mixed,linear,2,2,2280126.50
4096,1024,mixed,sorted,2,100,51151.20
4096,1024,mixed,adaptive,3,102,48447.02
4096,1024,mixed,linear,3,2,2297428.50
4096,1024,mixed,sorted,3,100,52270.79
4096,1024,mixed,hashed,3,99,52777.91
4096,1024,mixed,linear,4,2,2176816.50
4096,1024,mixed,sorted,4,100,54408.04
4096,1024,mixed,hashed,4,99,51755.21
4096,1024,mixed,adaptive,4,102,49326.78
4096,1024,mixed,sorted,5,100,52001.69
4096,1024,mixed,hashed,5,99,55325.05
4096,1024,mixed,adaptive,5,102,49385.07
4096,1024,mixed,linear,5,2,2292491.00
4096,1024,mixed,hashed,6,99,54786.88
4096,1024,mixed,adaptive,6,102,50365.72
4096,1024,mixed,linear,6,2,2166616.00
4096,1024,mixed,sorted,6,100,52215.92
4096,1024,duplicates,linear,0,2,2546773.50
4096,1024,duplicates,sorted,0,111,44129.93
4096,1024,duplicates,hashed,0,107,42865.31
4096,1024,duplicates,adaptive,0,110,45526.39
4096,1024,duplicates,sorted,1,111,42112.53
4096,1024,duplicates,hashed,1,107,46764.37
4096,1024,duplicates,adaptive,1,110,47042.48
4096,1024,duplicates,linear,1,2,2605107.00
4096,1024,duplicates,hashed,2,107,42961.24
4096,1024,duplicates,adaptive,2,110,43846.16
4096,1024,duplicates,linear,2,2,2517660.50
4096,1024,duplicates,sorted,2,111,45260.01
4096,1024,duplicates,adaptive,3,110,42616.86
4096,1024,duplicates,linear,3,2,2599095.50
4096,1024,duplicates,sorted,3,111,56833.80
4096,1024,duplicates,hashed,3,107,49317.45
4096,1024,duplicates,linear,4,2,2710597.50
4096,1024,duplicates,sorted,4,111,47560.17
4096,1024,duplicates,hashed,4,107,47913.09
4096,1024,duplicates,adaptive,4,110,48955.97
4096,1024,duplicates,sorted,5,111,50526.59
4096,1024,duplicates,hashed,5,107,47443.71
4096,1024,duplicates,adaptive,5,110,53517.80
4096,1024,duplicates,linear,5,2,2810229.50
4096,1024,duplicates,hashed,6,107,48379.48
4096,1024,duplicates,adaptive,6,110,50951.06
4096,1024,duplicates,linear,6,2,2889247.00
4096,1024,duplicates,sorted,6,111,70366.78
4096,1024,all-hit,linear,0,2,2202865.50
4096,1024,all-hit,sorted,0,97,53470.68
4096,1024,all-hit,hashed,0,96,51103.29
4096,1024,all-hit,adaptive,0,96,49999.83
4096,1024,all-hit,sorted,1,97,58398.37
4096,1024,all-hit,hashed,1,96,49922.49
4096,1024,all-hit,adaptive,1,96,51752.08
4096,1024,all-hit,linear,1,2,2224469.00
4096,1024,all-hit,hashed,2,96,54181.79
4096,1024,all-hit,adaptive,2,96,57223.75
4096,1024,all-hit,linear,2,2,2246561.50
4096,1024,all-hit,sorted,2,97,61077.35
4096,1024,all-hit,adaptive,3,96,53484.42
4096,1024,all-hit,linear,3,2,2077549.00
4096,1024,all-hit,sorted,3,97,54649.55
4096,1024,all-hit,hashed,3,96,52538.91
4096,1024,all-hit,linear,4,2,2178354.50
4096,1024,all-hit,sorted,4,97,52476.68
4096,1024,all-hit,hashed,4,96,55393.99
4096,1024,all-hit,adaptive,4,96,51329.28
4096,1024,all-hit,sorted,5,97,51292.36
4096,1024,all-hit,hashed,5,96,53630.55
4096,1024,all-hit,adaptive,5,96,51454.01
4096,1024,all-hit,linear,5,2,2177214.50
4096,1024,all-hit,hashed,6,96,60408.39
4096,1024,all-hit,adaptive,6,96,63602.06
4096,1024,all-hit,linear,6,2,2201495.00
4096,1024,all-hit,sorted,6,97,55414.69
16384,4096,miss,linear,0,2,38714572.00
16384,4096,miss,sorted,0,20,267160.55
16384,4096,miss,hashed,0,26,194736.08
16384,4096,miss,adaptive,0,21,244373.00
16384,4096,miss,sorted,1,20,272613.65
16384,4096,miss,hashed,1,26,216951.08
16384,4096,miss,adaptive,1,21,254034.10
16384,4096,miss,linear,1,2,39253009.50
16384,4096,miss,hashed,2,26,197390.85
16384,4096,miss,adaptive,2,21,272095.10
16384,4096,miss,linear,2,2,38795370.00
16384,4096,miss,sorted,2,20,278295.90
16384,4096,miss,adaptive,3,21,265532.62
16384,4096,miss,linear,3,2,38543755.50
16384,4096,miss,sorted,3,20,238731.30
16384,4096,miss,hashed,3,26,199851.77
16384,4096,miss,linear,4,2,37218134.00
16384,4096,miss,sorted,4,20,252229.80
16384,4096,miss,hashed,4,26,211868.69
16384,4096,miss,adaptive,4,21,244618.05
16384,4096,miss,sorted,5,20,244765.35
16384,4096,miss,hashed,5,26,202825.96
16384,4096,miss,adaptive,5,21,234167.76
16384,4096,miss,linear,5,2,36718049.00
16384,4096,miss,hashed,6,26,191103.46
16384,4096,miss,adaptive,6,21,231895.95
16384,4096,miss,linear,6,2,37111515.00
16384,4096,miss,sorted,6,20,234429.30
16384,4096,mixed,linear,0,2,36616644.00
16384,4096,mixed,sorted,0,21,245648.76
16384,4096,mixed,hashed,0,25,201763.92
16384,4096,mixed,adaptive,0,20,285743.40
16384,4096,mixed,sorted,1,21,309398.14
16384,4096,mixed,hashed,1,25,211095.52
16384,4096,mixed,adaptive,1,20,295901.35
16384,4096,mixed,linear,1,2,36150019.50
16384,4096,mixed,hashed,2,25,205224.56
16384,4096,mixed,adaptive,2,20,250583.10
16384,4096,mixed,linear,2,2,35909368.00
16384,4096,mixed,sorted,2,21,244560.29
16384,4096,mixed,adaptive,3,20,257388.05
16384,4096,mixed,linear,3,2,35080163.00
16384,4096,mixed,sorted,3,21,251068.29
16384,4096,mixed,hashed,3,25,205519.28
16384,4096,mixed,linear,4,2,35729246.00
16384,4096,mixed,sorted,4,21,247308.62
16384,4096,mixed,hashed,4,25,199484.96
16384,4096,mixed,adaptive,4,20,247148.50
16384,4096,mixed,sorted,5,21,239960.33
16384,4096,mixed,hashed,5,25,209146.48
16384,4096,mixed,adaptive,5,20,243633.30
16384,4096,mixed,linear,5,2,35218034.50
16384,4096,mixed,hashed,6,25,198142.80
16384,4096,mixed,adaptive,6,20,232260.80
16384,4096,mixed,linear,6,2,34699648.50
16384,4096,mixed,sorted,6,21,241639.90
16384,4096,duplicates,linear,0,2,36639519.50
16384,4096,duplicates,sorted,0,23,219109.61
16384,4096,duplicates,hashed,0,29,184816.28
16384,4096,duplicates,adaptive,0,24,219315.58
16384,4096,duplicates,sorted,1,23,211062.57
16384,4096,duplicates,hashed,1,29,167502.97
16384,4096,duplicates,adaptive,1,24,217738.79
16384,4096,duplicates,linear,1,2,36854601.00
16384,4096,duplicates,hashed,2,29,181079.14
16384,4096,duplicates,adaptive,2,24,218026.75
16384,4096,duplicates,linear,2,2,40929608.50
16384,4096,duplicates,sorted,2,23,214298.30
16384,4096,duplicates,adaptive,3,24,213744.25
16384,4096,duplicates,linear,3,2,36770658.00
16384,4096,duplicates,sorted,3,23,211508.87
16384,4096,duplicates,hashed,3,29,169474.72
16384,4096,duplicates,linear,4,2,36342487.00
16384,4096,duplicates,sorted,4,23,207476.70
16384,4096,duplicates,hashed,4,29,172302.59
16384,4096,duplicates,adaptive,4,24,205690.50
16384,4096,duplicates,sorted,5,23,219187.22
16384,4096,duplicates,hashed,5,29,173173.97
16384,4096,duplicates,adaptive,5,24,207103.96
16384,4096,duplicates,linear,5,2,36888123.50
16384,4096,duplicates,hashed,6,29,186423.90
16384,4096,duplicates,adaptive,6,24,226507.79
16384,4096,duplicates,linear,6,2,36857875.50
16384,4096,duplicates,sorted,6,23,210287.30
16384,4096,all-hit,linear,0,2,35010058.50
16384,4096,all-hit,sorted,0,20,243401.65
16384,4096,all-hit,hashed,0,24,209766.50
16384,4096,all-hit,adaptive,0,21,251203.90
16384,4096,all-hit,sorted,1,20,240449.80
16384,4096,all-hit,hashed,1,24,201605.83
16384,4096,all-hit,adaptive,1,21,266587.10
16384,4096,all-hit,linear,1,2,35627049.50
16384,4096,all-hit,hashed,2,24,198641.50
16384,4096,all-hit,adaptive,2,21,285984.76
16384,4096,all-hit,linear,2,2,34930920.00
16384,4096,all-hit,sorted,2,20,247664.20
16384,4096,all-hit,adaptive,3,21,257867.57
16384,4096,all-hit,linear,3,2,33933109.50
16384,4096,all-hit,sorted,3,20,238665.75
16384,4096,all-hit,hashed,3,24,200186.67
16384,4096,all-hit,linear,4,2,34272686.00
16384,4096,all-hit,sorted,4,20,251063.90
16384,4096,all-hit,hashed,4,24,205342.79
16384,4096,all-hit,adaptive,4,21,242538.48
16384,4096,all-hit,sorted,5,20,265595.85
16384,4096,all-hit,hashed,5,24,202896.17
16384,4096,all-hit,adaptive,5,21,241689.76
16384,4096,all-hit,linear,5,2,32903836.50
16384,4096,all-hit,hashed,6,24,207468.00
16384,4096,all-hit,adaptive,6,21,257890.33
16384,4096,all-hit,linear,6,2,32726791.50
16384,4096,all-hit,sorted,6,20,243309.85
