target,recipients,exclusions,pattern,variant,round,iterations,ns_per_broadcast
room,8,4096,miss,baseline,0,192,15294.45
room,8,4096,miss,candidate,0,155,16439.45
room,8,4096,miss,candidate,1,155,15715.35
room,8,4096,miss,baseline,1,192,14833.47
room,8,4096,miss,baseline,2,192,14828.07
room,8,4096,miss,candidate,2,155,14820.59
room,8,4096,miss,candidate,3,155,15463.66
room,8,4096,miss,baseline,3,192,14473.97
room,8,4096,miss,baseline,4,192,15199.32
room,8,4096,miss,candidate,4,155,14076.25
room,8,4096,miss,candidate,5,155,14389.00
room,8,4096,miss,baseline,5,192,13982.15
room,8,4096,miss,baseline,6,192,14348.33
room,8,4096,miss,candidate,6,155,14075.61
user,8,4096,miss,baseline,0,194,14496.20
user,8,4096,miss,candidate,0,198,13956.31
user,8,4096,miss,candidate,1,198,14080.41
user,8,4096,miss,baseline,1,194,14416.94
user,8,4096,miss,baseline,2,194,14151.57
user,8,4096,miss,candidate,2,198,14371.79
user,8,4096,miss,candidate,3,198,13918.92
user,8,4096,miss,baseline,3,194,14441.31
user,8,4096,miss,baseline,4,194,15206.65
user,8,4096,miss,candidate,4,198,14192.43
user,8,4096,miss,candidate,5,198,14474.19
user,8,4096,miss,baseline,5,194,13753.24
user,8,4096,miss,baseline,6,194,13812.84
user,8,4096,miss,candidate,6,198,14201.13
all,8,4096,miss,baseline,0,192,14459.91
all,8,4096,miss,candidate,0,181,14326.17
all,8,4096,miss,candidate,1,181,13955.86
all,8,4096,miss,baseline,1,192,14807.57
all,8,4096,miss,baseline,2,192,14251.94
all,8,4096,miss,candidate,2,181,13819.91
all,8,4096,miss,candidate,3,181,13976.62
all,8,4096,miss,baseline,3,192,14394.79
all,8,4096,miss,baseline,4,192,15129.56
all,8,4096,miss,candidate,4,181,14420.85
all,8,4096,miss,candidate,5,181,14143.13
all,8,4096,miss,baseline,5,192,13896.61
all,8,4096,miss,baseline,6,192,14022.76
all,8,4096,miss,candidate,6,181,13783.64
room,8,4096,mixed,baseline,0,428,7177.16
room,8,4096,mixed,candidate,0,416,6930.70
room,8,4096,mixed,candidate,1,416,7103.56
room,8,4096,mixed,baseline,1,428,7115.82
room,8,4096,mixed,baseline,2,428,6926.59
room,8,4096,mixed,candidate,2,416,6982.40
room,8,4096,mixed,candidate,3,416,7379.38
room,8,4096,mixed,baseline,3,428,7026.48
room,8,4096,mixed,baseline,4,428,7046.31
room,8,4096,mixed,candidate,4,416,7317.47
room,8,4096,mixed,candidate,5,416,7198.61
room,8,4096,mixed,baseline,5,428,7042.49
room,8,4096,mixed,baseline,6,428,7001.48
room,8,4096,mixed,candidate,6,416,7206.07
user,8,4096,mixed,baseline,0,389,7188.86
user,8,4096,mixed,candidate,0,392,7184.74
user,8,4096,mixed,candidate,1,392,7114.40
user,8,4096,mixed,baseline,1,389,6911.58
user,8,4096,mixed,baseline,2,389,7116.06
user,8,4096,mixed,candidate,2,392,7358.10
user,8,4096,mixed,candidate,3,392,7193.86
user,8,4096,mixed,baseline,3,389,7654.96
user,8,4096,mixed,baseline,4,389,7173.77
user,8,4096,mixed,candidate,4,392,7247.21
user,8,4096,mixed,candidate,5,392,6917.98
user,8,4096,mixed,baseline,5,389,6934.12
user,8,4096,mixed,baseline,6,389,7134.37
user,8,4096,mixed,candidate,6,392,7283.74
all,8,4096,mixed,baseline,0,366,7426.29
all,8,4096,mixed,candidate,0,377,7311.04
all,8,4096,mixed,candidate,1,377,7268.20
all,8,4096,mixed,baseline,1,366,7224.21
all,8,4096,mixed,baseline,2,366,7346.24
all,8,4096,mixed,candidate,2,377,7258.33
all,8,4096,mixed,candidate,3,377,7178.35
all,8,4096,mixed,baseline,3,366,7170.64
all,8,4096,mixed,baseline,4,366,7288.20
all,8,4096,mixed,candidate,4,377,7228.73
all,8,4096,mixed,candidate,5,377,7186.51
all,8,4096,mixed,baseline,5,366,7185.20
all,8,4096,mixed,baseline,6,366,7937.58
all,8,4096,mixed,candidate,6,377,7244.87
room,8,4096,duplicates,baseline,0,246,12136.75
room,8,4096,duplicates,candidate,0,248,12310.97
room,8,4096,duplicates,candidate,1,248,12085.51
room,8,4096,duplicates,baseline,1,246,12040.64
room,8,4096,duplicates,baseline,2,246,12232.81
room,8,4096,duplicates,candidate,2,248,12793.29
room,8,4096,duplicates,candidate,3,248,13328.67
room,8,4096,duplicates,baseline,3,246,12275.01
room,8,4096,duplicates,baseline,4,246,12314.66
room,8,4096,duplicates,candidate,4,248,12031.09
room,8,4096,duplicates,candidate,5,248,12112.40
room,8,4096,duplicates,baseline,5,246,12396.00
room,8,4096,duplicates,baseline,6,246,12544.54
room,8,4096,duplicates,candidate,6,248,13316.49
user,8,4096,duplicates,baseline,0,225,13313.15
user,8,4096,duplicates,candidate,0,226,12187.05
user,8,4096,duplicates,candidate,1,226,12243.73
user,8,4096,duplicates,baseline,1,225,13164.98
user,8,4096,duplicates,baseline,2,225,12300.47
user,8,4096,duplicates,candidate,2,226,12091.05
user,8,4096,duplicates,candidate,3,226,12363.81
user,8,4096,duplicates,baseline,3,225,12543.31
user,8,4096,duplicates,baseline,4,225,12157.36
user,8,4096,duplicates,candidate,4,226,12560.46
user,8,4096,duplicates,candidate,5,226,12629.87
user,8,4096,duplicates,baseline,5,225,12151.72
user,8,4096,duplicates,baseline,6,225,12504.08
user,8,4096,duplicates,candidate,6,226,13699.69
all,8,4096,duplicates,baseline,0,237,12742.29
all,8,4096,duplicates,candidate,0,247,12841.37
all,8,4096,duplicates,candidate,1,247,13315.34
all,8,4096,duplicates,baseline,1,237,13397.92
all,8,4096,duplicates,baseline,2,237,13558.22
all,8,4096,duplicates,candidate,2,247,13694.73
all,8,4096,duplicates,candidate,3,247,12623.68
all,8,4096,duplicates,baseline,3,237,12723.97
all,8,4096,duplicates,baseline,4,237,12828.22
all,8,4096,duplicates,candidate,4,247,12763.89
all,8,4096,duplicates,candidate,5,247,12850.98
all,8,4096,duplicates,baseline,5,237,12899.06
all,8,4096,duplicates,baseline,6,237,12621.23
all,8,4096,duplicates,candidate,6,247,12124.57
room,8,4096,all-hit,baseline,0,500,90.42
room,8,4096,all-hit,candidate,0,500,95.99
room,8,4096,all-hit,candidate,1,500,95.95
room,8,4096,all-hit,baseline,1,500,89.52
room,8,4096,all-hit,baseline,2,500,89.13
room,8,4096,all-hit,candidate,2,500,95.26
room,8,4096,all-hit,candidate,3,500,100.68
room,8,4096,all-hit,baseline,3,500,94.22
room,8,4096,all-hit,baseline,4,500,98.15
room,8,4096,all-hit,candidate,4,500,105.11
room,8,4096,all-hit,candidate,5,500,105.15
room,8,4096,all-hit,baseline,5,500,98.75
room,8,4096,all-hit,baseline,6,500,97.67
room,8,4096,all-hit,candidate,6,500,95.47
user,8,4096,all-hit,baseline,0,500,88.22
user,8,4096,all-hit,candidate,0,500,105.23
user,8,4096,all-hit,candidate,1,500,106.02
user,8,4096,all-hit,baseline,1,500,97.95
user,8,4096,all-hit,baseline,2,500,89.32
user,8,4096,all-hit,candidate,2,500,95.95
user,8,4096,all-hit,candidate,3,500,99.76
user,8,4096,all-hit,baseline,3,500,98.20
user,8,4096,all-hit,baseline,4,500,98.08
user,8,4096,all-hit,candidate,4,500,105.52
user,8,4096,all-hit,candidate,5,500,95.52
user,8,4096,all-hit,baseline,5,500,88.93
user,8,4096,all-hit,baseline,6,500,89.31
user,8,4096,all-hit,candidate,6,500,104.85
all,8,4096,all-hit,baseline,0,500,549.36
all,8,4096,all-hit,candidate,0,500,555.32
all,8,4096,all-hit,candidate,1,500,554.51
all,8,4096,all-hit,baseline,1,500,548.62
all,8,4096,all-hit,baseline,2,500,550.06
all,8,4096,all-hit,candidate,2,500,741.02
all,8,4096,all-hit,candidate,3,500,627.14
all,8,4096,all-hit,baseline,3,500,580.53
all,8,4096,all-hit,baseline,4,500,564.91
all,8,4096,all-hit,candidate,4,500,589.34
all,8,4096,all-hit,candidate,5,500,557.19
all,8,4096,all-hit,baseline,5,500,548.32
all,8,4096,all-hit,baseline,6,500,583.76
all,8,4096,all-hit,candidate,6,500,551.63
room,64,32,miss,baseline,0,491,5540.48
room,64,32,miss,candidate,0,500,5201.21
room,64,32,miss,candidate,1,500,5275.99
room,64,32,miss,baseline,1,491,5555.57
room,64,32,miss,baseline,2,491,5359.65
room,64,32,miss,candidate,2,500,5394.69
room,64,32,miss,candidate,3,500,5140.04
room,64,32,miss,baseline,3,491,5140.51
room,64,32,miss,baseline,4,491,5350.15
room,64,32,miss,candidate,4,500,7512.00
room,64,32,miss,candidate,5,500,5818.74
room,64,32,miss,baseline,5,491,5559.92
room,64,32,miss,baseline,6,491,5411.43
room,64,32,miss,candidate,6,500,5131.75
user,64,32,miss,baseline,0,500,5471.08
user,64,32,miss,candidate,0,500,5640.55
user,64,32,miss,candidate,1,500,5618.47
user,64,32,miss,baseline,1,500,5572.56
user,64,32,miss,baseline,2,500,5449.96
user,64,32,miss,candidate,2,500,5401.17
user,64,32,miss,candidate,3,500,5085.14
user,64,32,miss,baseline,3,500,5250.41
user,64,32,miss,baseline,4,500,5170.68
user,64,32,miss,candidate,4,500,5154.43
user,64,32,miss,candidate,5,500,5598.97
user,64,32,miss,baseline,5,500,5178.30
user,64,32,miss,baseline,6,500,5676.88
user,64,32,miss,candidate,6,500,5269.91
all,64,32,miss,baseline,0,500,4948.63
all,64,32,miss,candidate,0,500,4975.83
all,64,32,miss,candidate,1,500,5035.32
all,64,32,miss,baseline,1,500,5109.14
all,64,32,miss,baseline,2,500,4888.01
all,64,32,miss,candidate,2,500,4858.04
all,64,32,miss,candidate,3,500,5012.68
all,64,32,miss,baseline,3,500,4947.82
all,64,32,miss,baseline,4,500,5208.11
all,64,32,miss,candidate,4,500,4900.93
all,64,32,miss,candidate,5,500,5134.92
all,64,32,miss,baseline,5,500,5148.94
all,64,32,miss,baseline,6,500,4869.42
all,64,32,miss,candidate,6,500,4973.21
room,64,32,mixed,baseline,0,500,4164.30
room,64,32,mixed,candidate,0,500,4132.10
room,64,32,mixed,candidate,1,500,4163.30
room,64,32,mixed,baseline,1,500,3968.01
room,64,32,mixed,baseline,2,500,3979.96
room,64,32,mixed,candidate,2,500,4010.49
room,64,32,mixed,candidate,3,500,3916.53
room,64,32,mixed,baseline,3,500,4236.25
room,64,32,mixed,baseline,4,500,4334.53
room,64,32,mixed,candidate,4,500,4060.57
room,64,32,mixed,candidate,5,500,3923.84
room,64,32,mixed,baseline,5,500,4287.27
room,64,32,mixed,baseline,6,500,4083.52
room,64,32,mixed,candidate,6,500,4048.45
user,64,32,mixed,baseline,0,500,4093.69
user,64,32,mixed,candidate,0,500,3984.06
user,64,32,mixed,candidate,1,500,3902.17
user,64,32,mixed,baseline,1,500,3990.07
user,64,32,mixed,baseline,2,500,4049.37
user,64,32,mixed,candidate,2,500,3867.94
user,64,32,mixed,candidate,3,500,3871.65
user,64,32,mixed,baseline,3,500,4208.67
user,64,32,mixed,baseline,4,500,4147.47
user,64,32,mixed,candidate,4,500,3882.22
user,64,32,mixed,candidate,5,500,4124.44
user,64,32,mixed,baseline,5,500,4045.90
user,64,32,mixed,baseline,6,500,3987.89
user,64,32,mixed,candidate,6,500,4087.10
all,64,32,mixed,baseline,0,500,4397.58
all,64,32,mixed,candidate,0,500,4443.51
all,64,32,mixed,candidate,1,500,4535.93
all,64,32,mixed,baseline,1,500,4775.43
all,64,32,mixed,baseline,2,500,4698.24
all,64,32,mixed,candidate,2,500,4547.79
all,64,32,mixed,candidate,3,500,4408.97
all,64,32,mixed,baseline,3,500,4468.76
all,64,32,mixed,baseline,4,500,4560.91
all,64,32,mixed,candidate,4,500,4408.42
all,64,32,mixed,candidate,5,500,4493.24
all,64,32,mixed,baseline,5,500,4741.13
all,64,32,mixed,baseline,6,500,4376.39
all,64,32,mixed,candidate,6,500,4607.38
room,64,32,duplicates,baseline,0,500,5182.57
room,64,32,duplicates,candidate,0,500,4916.34
room,64,32,duplicates,candidate,1,500,4994.15
room,64,32,duplicates,baseline,1,500,5093.14
room,64,32,duplicates,baseline,2,500,5076.64
room,64,32,duplicates,candidate,2,500,4889.79
room,64,32,duplicates,candidate,3,500,4914.85
room,64,32,duplicates,baseline,3,500,5210.52
room,64,32,duplicates,baseline,4,500,5097.68
room,64,32,duplicates,candidate,4,500,4910.62
room,64,32,duplicates,candidate,5,500,5253.46
room,64,32,duplicates,baseline,5,500,5136.96
room,64,32,duplicates,baseline,6,500,5466.40
room,64,32,duplicates,candidate,6,500,5022.37
user,64,32,duplicates,baseline,0,500,5162.63
user,64,32,duplicates,candidate,0,500,4992.40
user,64,32,duplicates,candidate,1,500,5276.70
user,64,32,duplicates,baseline,1,500,5739.03
user,64,32,duplicates,baseline,2,500,7373.69
user,64,32,duplicates,candidate,2,500,6887.70
user,64,32,duplicates,candidate,3,500,6981.69
user,64,32,duplicates,baseline,3,500,7487.53
user,64,32,duplicates,baseline,4,500,5817.04
user,64,32,duplicates,candidate,4,500,5423.20
user,64,32,duplicates,candidate,5,500,5427.40
user,64,32,duplicates,baseline,5,500,5596.98
user,64,32,duplicates,baseline,6,500,5755.29
user,64,32,duplicates,candidate,6,500,5649.30
all,64,32,duplicates,baseline,0,500,5311.06
all,64,32,duplicates,candidate,0,500,5531.01
all,64,32,duplicates,candidate,1,500,5299.71
all,64,32,duplicates,baseline,1,500,5307.85
all,64,32,duplicates,baseline,2,500,5321.22
all,64,32,duplicates,candidate,2,500,4957.23
all,64,32,duplicates,candidate,3,500,4845.51
all,64,32,duplicates,baseline,3,500,5189.55
all,64,32,duplicates,baseline,4,500,4913.71
all,64,32,duplicates,candidate,4,500,4999.71
all,64,32,duplicates,candidate,5,500,5029.74
all,64,32,duplicates,baseline,5,500,4912.23
all,64,32,duplicates,baseline,6,500,4948.91
all,64,32,duplicates,candidate,6,500,4810.48
room,64,32,all-hit,baseline,0,500,2733.96
room,64,32,all-hit,candidate,0,500,2818.87
room,64,32,all-hit,candidate,1,500,2748.10
room,64,32,all-hit,baseline,1,500,2777.81
room,64,32,all-hit,baseline,2,500,2797.87
room,64,32,all-hit,candidate,2,500,2869.11
room,64,32,all-hit,candidate,3,500,2878.36
room,64,32,all-hit,baseline,3,500,2774.23
room,64,32,all-hit,baseline,4,500,2787.48
room,64,32,all-hit,candidate,4,500,2811.22
room,64,32,all-hit,candidate,5,500,2795.70
room,64,32,all-hit,baseline,5,500,2779.17
room,64,32,all-hit,baseline,6,500,2840.20
room,64,32,all-hit,candidate,6,500,2961.74
user,64,32,all-hit,baseline,0,500,3036.40
user,64,32,all-hit,candidate,0,500,2839.42
user,64,32,all-hit,candidate,1,500,2730.69
user,64,32,all-hit,baseline,1,500,2731.65
user,64,32,all-hit,baseline,2,500,2840.98
user,64,32,all-hit,candidate,2,500,2723.35
user,64,32,all-hit,candidate,3,500,2718.88
user,64,32,all-hit,baseline,3,500,2743.20
user,64,32,all-hit,baseline,4,500,2836.32
user,64,32,all-hit,candidate,4,500,2973.95
user,64,32,all-hit,candidate,5,500,2965.32
user,64,32,all-hit,baseline,5,500,2837.84
user,64,32,all-hit,baseline,6,500,3026.05
user,64,32,all-hit,candidate,6,500,2865.59
all,64,32,all-hit,baseline,0,500,3990.58
all,64,32,all-hit,candidate,0,500,4116.35
all,64,32,all-hit,candidate,1,500,4393.47
all,64,32,all-hit,baseline,1,500,4163.85
all,64,32,all-hit,baseline,2,500,3934.82
all,64,32,all-hit,candidate,2,500,4111.44
all,64,32,all-hit,candidate,3,500,4290.02
all,64,32,all-hit,baseline,3,500,4019.54
all,64,32,all-hit,baseline,4,500,4098.21
all,64,32,all-hit,candidate,4,500,4062.79
all,64,32,all-hit,candidate,5,500,3997.87
all,64,32,all-hit,baseline,5,500,3996.59
all,64,32,all-hit,baseline,6,500,4014.66
all,64,32,all-hit,candidate,6,500,4001.64
room,128,128,miss,baseline,0,170,16084.21
room,128,128,miss,candidate,0,273,11779.90
room,128,128,miss,candidate,1,273,11759.60
room,128,128,miss,baseline,1,170,15691.75
room,128,128,miss,baseline,2,170,15998.26
room,128,128,miss,candidate,2,273,10736.95
room,128,128,miss,candidate,3,273,10923.67
room,128,128,miss,baseline,3,170,15728.76
room,128,128,miss,baseline,4,170,16758.54
room,128,128,miss,candidate,4,273,11829.11
room,128,128,miss,candidate,5,273,12376.60
room,128,128,miss,baseline,5,170,16994.19
room,128,128,miss,baseline,6,170,16967.59
room,128,128,miss,candidate,6,273,12044.35
user,128,128,miss,baseline,0,141,17028.52
user,128,128,miss,candidate,0,236,12044.15
user,128,128,miss,candidate,1,236,11972.44
user,128,128,miss,baseline,1,141,17729.83
user,128,128,miss,baseline,2,141,18090.28
user,128,128,miss,candidate,2,236,12331.90
user,128,128,miss,candidate,3,236,11917.38
user,128,128,miss,baseline,3,141,17136.11
user,128,128,miss,baseline,4,141,17611.65
user,128,128,miss,candidate,4,236,11956.70
user,128,128,miss,candidate,5,236,12099.75
user,128,128,miss,baseline,5,141,17882.99
user,128,128,miss,baseline,6,141,17004.83
user,128,128,miss,candidate,6,236,11928.83
all,128,128,miss,baseline,0,174,16399.43
all,128,128,miss,candidate,0,267,11289.53
all,128,128,miss,candidate,1,267,11713.30
all,128,128,miss,baseline,1,174,16121.96
all,128,128,miss,baseline,2,174,16254.77
all,128,128,miss,candidate,2,267,11212.24
all,128,128,miss,candidate,3,267,11486.36
all,128,128,miss,baseline,3,174,16097.93
all,128,128,miss,baseline,4,174,15645.02
all,128,128,miss,candidate,4,267,11433.20
all,128,128,miss,candidate,5,267,11032.25
all,128,128,miss,baseline,5,174,17032.48
all,128,128,miss,baseline,6,174,16494.60
all,128,128,miss,candidate,6,267,10774.93
room,128,128,mixed,baseline,0,306,10118.64
room,128,128,mixed,candidate,0,470,6433.00
room,128,128,mixed,candidate,1,470,6457.68
room,128,128,mixed,baseline,1,306,10149.41
room,128,128,mixed,baseline,2,306,9885.50
room,128,128,mixed,candidate,2,470,6053.90
room,128,128,mixed,candidate,3,470,6329.26
room,128,128,mixed,baseline,3,306,9670.22
room,128,128,mixed,baseline,4,306,9452.19
room,128,128,mixed,candidate,4,470,6129.26
room,128,128,mixed,candidate,5,470,6034.03
room,128,128,mixed,baseline,5,306,9498.85
room,128,128,mixed,baseline,6,306,9375.58
room,128,128,mixed,candidate,6,470,6053.38
user,128,128,mixed,baseline,0,310,9556.85
user,128,128,mixed,candidate,0,482,6173.95
user,128,128,mixed,candidate,1,482,6269.92
user,128,128,mixed,baseline,1,310,9420.10
user,128,128,mixed,baseline,2,310,9817.41
user,128,128,mixed,candidate,2,482,6115.57
user,128,128,mixed,candidate,3,482,6312.16
user,128,128,mixed,baseline,3,310,9547.99
user,128,128,mixed,baseline,4,310,9403.43
user,128,128,mixed,candidate,4,482,6445.94
user,128,128,mixed,candidate,5,482,6157.85
user,128,128,mixed,baseline,5,310,9562.17
user,128,128,mixed,baseline,6,310,9365.45
user,128,128,mixed,candidate,6,482,6160.93
all,128,128,mixed,baseline,0,226,11868.84
all,128,128,mixed,candidate,0,320,8810.70
all,128,128,mixed,candidate,1,320,8974.84
all,128,128,mixed,baseline,1,226,11547.41
all,128,128,mixed,baseline,2,226,11803.38
all,128,128,mixed,candidate,2,320,8758.93
all,128,128,mixed,candidate,3,320,8845.56
all,128,128,mixed,baseline,3,226,12391.16
all,128,128,mixed,baseline,4,226,11599.91
all,128,128,mixed,candidate,4,320,8849.31
all,128,128,mixed,candidate,5,320,8454.24
all,128,128,mixed,baseline,5,226,11265.66
all,128,128,mixed,baseline,6,226,11766.78
all,128,128,mixed,candidate,6,320,9340.10
room,128,128,duplicates,baseline,0,174,15641.76
room,128,128,duplicates,candidate,0,269,10880.16
room,128,128,duplicates,candidate,1,269,10459.31
room,128,128,duplicates,baseline,1,174,16059.19
room,128,128,duplicates,baseline,2,174,15131.21
room,128,128,duplicates,candidate,2,269,10213.91
room,128,128,duplicates,candidate,3,269,10958.94
room,128,128,duplicates,baseline,3,174,15161.47
room,128,128,duplicates,baseline,4,174,15265.60
room,128,128,duplicates,candidate,4,269,10530.30
room,128,128,duplicates,candidate,5,269,10176.85
room,128,128,duplicates,baseline,5,174,15227.01
room,128,128,duplicates,baseline,6,174,16840.23
room,128,128,duplicates,candidate,6,269,11085.20
user,128,128,duplicates,baseline,0,174,16245.27
user,128,128,duplicates,candidate,0,268,10474.67
user,128,128,duplicates,candidate,1,268,10316.38
user,128,128,duplicates,baseline,1,174,15330.78
user,128,128,duplicates,baseline,2,174,15675.02
user,128,128,duplicates,candidate,2,268,10317.28
user,128,128,duplicates,candidate,3,268,10209.70
user,128,128,duplicates,baseline,3,174,15084.61
user,128,128,duplicates,baseline,4,174,15004.30
user,128,128,duplicates,candidate,4,268,10090.88
user,128,128,duplicates,candidate,5,268,10145.48
user,128,128,duplicates,baseline,5,174,15424.09
user,128,128,duplicates,baseline,6,174,15481.99
user,128,128,duplicates,candidate,6,268,10140.42
all,128,128,duplicates,baseline,0,183,14961.25
all,128,128,duplicates,candidate,0,273,11061.69
all,128,128,duplicates,candidate,1,273,10290.16
all,128,128,duplicates,baseline,1,183,15837.86
all,128,128,duplicates,baseline,2,183,15596.04
all,128,128,duplicates,candidate,2,273,10219.35
all,128,128,duplicates,candidate,3,273,9450.63
all,128,128,duplicates,baseline,3,183,14601.89
all,128,128,duplicates,baseline,4,183,14687.43
all,128,128,duplicates,candidate,4,273,9815.43
all,128,128,duplicates,candidate,5,273,10296.94
all,128,128,duplicates,baseline,5,183,14528.02
all,128,128,duplicates,baseline,6,183,15849.60
all,128,128,duplicates,candidate,6,273,10224.99
room,128,128,all-hit,baseline,0,500,4137.60
room,128,128,all-hit,candidate,0,500,1689.39
room,128,128,all-hit,candidate,1,500,1560.83
room,128,128,all-hit,baseline,1,500,3825.23
room,128,128,all-hit,baseline,2,500,3826.65
room,128,128,all-hit,candidate,2,500,1597.73
room,128,128,all-hit,candidate,3,500,1712.53
room,128,128,all-hit,baseline,3,500,3931.92
room,128,128,all-hit,baseline,4,500,3800.93
room,128,128,all-hit,candidate,4,500,1538.29
room,128,128,all-hit,candidate,5,500,1555.74
room,128,128,all-hit,baseline,5,500,3865.10
room,128,128,all-hit,baseline,6,500,3821.26
room,128,128,all-hit,candidate,6,500,1654.49
user,128,128,all-hit,baseline,0,500,3858.43
user,128,128,all-hit,candidate,0,500,1685.17
user,128,128,all-hit,candidate,1,500,1711.99
user,128,128,all-hit,baseline,1,500,3819.79
user,128,128,all-hit,baseline,2,500,3738.91
user,128,128,all-hit,candidate,2,500,1646.98
user,128,128,all-hit,candidate,3,500,1656.58
user,128,128,all-hit,baseline,3,500,3806.32
user,128,128,all-hit,baseline,4,500,3800.25
user,128,128,all-hit,candidate,4,500,1709.60
user,128,128,all-hit,candidate,5,500,1629.69
user,128,128,all-hit,baseline,5,500,3829.93
user,128,128,all-hit,baseline,6,500,3841.63
user,128,128,all-hit,candidate,6,500,1540.84
all,128,128,all-hit,baseline,0,335,8395.79
all,128,128,all-hit,candidate,0,447,6679.67
all,128,128,all-hit,candidate,1,447,6663.11
all,128,128,all-hit,baseline,1,335,8381.02
all,128,128,all-hit,baseline,2,335,8405.67
all,128,128,all-hit,candidate,2,447,6709.13
all,128,128,all-hit,candidate,3,447,7216.90
all,128,128,all-hit,baseline,3,335,8501.00
all,128,128,all-hit,baseline,4,335,8471.12
all,128,128,all-hit,candidate,4,447,7108.52
all,128,128,all-hit,candidate,5,447,6808.90
all,128,128,all-hit,baseline,5,335,8763.32
all,128,128,all-hit,baseline,6,335,8361.85
all,128,128,all-hit,candidate,6,447,6748.49
room,1024,0,miss,baseline,0,25,79220.32
room,1024,0,miss,candidate,0,36,78507.56
room,1024,0,miss,candidate,1,36,84458.22
room,1024,0,miss,baseline,1,25,80430.52
room,1024,0,miss,baseline,2,25,80122.84
room,1024,0,miss,candidate,2,36,84651.06
room,1024,0,miss,candidate,3,36,78495.14
room,1024,0,miss,baseline,3,25,79294.56
room,1024,0,miss,baseline,4,25,80050.00
room,1024,0,miss,candidate,4,36,78805.17
room,1024,0,miss,candidate,5,36,83996.19
room,1024,0,miss,baseline,5,25,84587.04
room,1024,0,miss,baseline,6,25,80290.48
room,1024,0,miss,candidate,6,36,79003.36
user,1024,0,miss,baseline,0,37,78752.03
user,1024,0,miss,candidate,0,38,79788.08
user,1024,0,miss,candidate,1,38,79193.37
user,1024,0,miss,baseline,1,37,82480.62
user,1024,0,miss,baseline,2,37,79052.11
user,1024,0,miss,candidate,2,38,79723.66
user,1024,0,miss,candidate,3,38,80678.37
user,1024,0,miss,baseline,3,37,82132.89
user,1024,0,miss,baseline,4,37,79773.84
user,1024,0,miss,candidate,4,38,79462.53
user,1024,0,miss,candidate,5,38,79081.58
user,1024,0,miss,baseline,5,37,78573.73
user,1024,0,miss,baseline,6,37,79186.51
user,1024,0,miss,candidate,6,38,79535.76
all,1024,0,miss,baseline,0,38,73836.00
all,1024,0,miss,candidate,0,42,70302.17
all,1024,0,miss,candidate,1,42,72965.31
all,1024,0,miss,baseline,1,38,70970.89
all,1024,0,miss,baseline,2,38,74356.50
all,1024,0,miss,candidate,2,42,72755.57
all,1024,0,miss,candidate,3,42,72613.60
all,1024,0,miss,baseline,3,38,70215.50
all,1024,0,miss,baseline,4,38,71445.58
all,1024,0,miss,candidate,4,42,72050.48
all,1024,0,miss,candidate,5,42,74014.55
all,1024,0,miss,baseline,5,38,75677.55
all,1024,0,miss,baseline,6,38,73647.03
all,1024,0,miss,candidate,6,42,72527.76
room,1024,0,mixed,baseline,0,38,79608.03
room,1024,0,mixed,candidate,0,37,80498.14
room,1024,0,mixed,candidate,1,37,78345.30
room,1024,0,mixed,baseline,1,38,78664.87
room,1024,0,mixed,baseline,2,38,78361.08
room,1024,0,mixed,candidate,2,37,79006.43
room,1024,0,mixed,candidate,3,37,85516.22
room,1024,0,mixed,baseline,3,38,85714.21
room,1024,0,mixed,baseline,4,38,82745.82
room,1024,0,mixed,candidate,4,37,83536.62
room,1024,0,mixed,candidate,5,37,78493.86
room,1024,0,mixed,baseline,5,38,84434.11
room,1024,0,mixed,baseline,6,38,80893.74
room,1024,0,mixed,candidate,6,37,82235.76
user,1024,0,mixed,baseline,0,37,80435.35
user,1024,0,mixed,candidate,0,36,81173.22
user,1024,0,mixed,candidate,1,36,80294.28
user,1024,0,mixed,baseline,1,37,84389.89
user,1024,0,mixed,baseline,2,37,84691.89
user,1024,0,mixed,candidate,2,36,83994.36
user,1024,0,mixed,candidate,3,36,81101.83
user,1024,0,mixed,baseline,3,37,79631.16
user,1024,0,mixed,baseline,4,37,79617.19
user,1024,0,mixed,candidate,4,36,78827.72
user,1024,0,mixed,candidate,5,36,80431.42
user,1024,0,mixed,baseline,5,37,78602.27
user,1024,0,mixed,baseline,6,37,82466.81
user,1024,0,mixed,candidate,6,36,87478.86
all,1024,0,mixed,baseline,0,38,76412.95
all,1024,0,mixed,candidate,0,38,70695.18
all,1024,0,mixed,candidate,1,38,75268.21
all,1024,0,mixed,baseline,1,38,74173.08
all,1024,0,mixed,baseline,2,38,73491.29
all,1024,0,mixed,candidate,2,38,75355.29
all,1024,0,mixed,candidate,3,38,71094.79
all,1024,0,mixed,baseline,3,38,70694.74
all,1024,0,mixed,baseline,4,38,70293.58
all,1024,0,mixed,candidate,4,38,71248.61
all,1024,0,mixed,candidate,5,38,70361.47
all,1024,0,mixed,baseline,5,38,73490.74
all,1024,0,mixed,baseline,6,38,74813.00
all,1024,0,mixed,candidate,6,38,75428.63
room,1024,0,duplicates,baseline,0,34,81891.59
room,1024,0,duplicates,candidate,0,34,79540.18
room,1024,0,duplicates,candidate,1,34,81258.15
room,1024,0,duplicates,baseline,1,34,79507.29
room,1024,0,duplicates,baseline,2,34,87661.56
room,1024,0,duplicates,candidate,2,34,79748.12
room,1024,0,duplicates,candidate,3,34,85552.44
room,1024,0,duplicates,baseline,3,34,82859.76
room,1024,0,duplicates,baseline,4,34,82941.94
room,1024,0,duplicates,candidate,4,34,79769.71
room,1024,0,duplicates,candidate,5,34,79748.06
room,1024,0,duplicates,baseline,5,34,80438.91
room,1024,0,duplicates,baseline,6,34,81107.88
room,1024,0,duplicates,candidate,6,34,85458.21
user,1024,0,duplicates,baseline,0,34,80024.68
user,1024,0,duplicates,candidate,0,34,83133.38
user,1024,0,duplicates,candidate,1,34,79327.18
user,1024,0,duplicates,baseline,1,34,80583.21
user,1024,0,duplicates,baseline,2,34,84636.59
user,1024,0,duplicates,candidate,2,34,81666.94
user,1024,0,duplicates,candidate,3,34,84878.74
user,1024,0,duplicates,baseline,3,34,79310.68
user,1024,0,duplicates,baseline,4,34,83994.47
user,1024,0,duplicates,candidate,4,34,83040.32
user,1024,0,duplicates,candidate,5,34,81712.38
user,1024,0,duplicates,baseline,5,34,82739.62
user,1024,0,duplicates,baseline,6,34,79645.65
user,1024,0,duplicates,candidate,6,34,82477.06
all,1024,0,duplicates,baseline,0,42,71637.48
all,1024,0,duplicates,candidate,0,42,72583.71
all,1024,0,duplicates,candidate,1,42,72324.38
all,1024,0,duplicates,baseline,1,42,74913.67
all,1024,0,duplicates,baseline,2,42,72387.52
all,1024,0,duplicates,candidate,2,42,73314.12
all,1024,0,duplicates,candidate,3,42,75037.38
all,1024,0,duplicates,baseline,3,42,72000.02
all,1024,0,duplicates,baseline,4,42,70666.83
all,1024,0,duplicates,candidate,4,42,72539.24
all,1024,0,duplicates,candidate,5,42,70075.38
all,1024,0,duplicates,baseline,5,42,70902.71
all,1024,0,duplicates,baseline,6,42,70632.79
all,1024,0,duplicates,candidate,6,42,74815.48
room,1024,0,all-hit,baseline,0,35,80694.80
room,1024,0,all-hit,candidate,0,38,83897.82
room,1024,0,all-hit,candidate,1,38,79633.39
room,1024,0,all-hit,baseline,1,35,82370.34
room,1024,0,all-hit,baseline,2,35,82158.86
room,1024,0,all-hit,candidate,2,38,80906.18
room,1024,0,all-hit,candidate,3,38,79611.32
room,1024,0,all-hit,baseline,3,35,79139.06
room,1024,0,all-hit,baseline,4,35,78354.20
room,1024,0,all-hit,candidate,4,38,80585.74
room,1024,0,all-hit,candidate,5,38,81394.74
room,1024,0,all-hit,baseline,5,35,78933.11
room,1024,0,all-hit,baseline,6,35,80060.89
room,1024,0,all-hit,candidate,6,38,83922.00
user,1024,0,all-hit,baseline,0,35,82324.69
user,1024,0,all-hit,candidate,0,38,80159.21
user,1024,0,all-hit,candidate,1,38,81811.16
user,1024,0,all-hit,baseline,1,35,79262.69
user,1024,0,all-hit,baseline,2,35,79607.09
user,1024,0,all-hit,candidate,2,38,80662.76
user,1024,0,all-hit,candidate,3,38,81362.18
user,1024,0,all-hit,baseline,3,35,81375.49
user,1024,0,all-hit,baseline,4,35,83246.14
user,1024,0,all-hit,candidate,4,38,82310.34
user,1024,0,all-hit,candidate,5,38,83665.95
user,1024,0,all-hit,baseline,5,35,83443.80
user,1024,0,all-hit,baseline,6,35,81624.51
user,1024,0,all-hit,candidate,6,38,85034.37
all,1024,0,all-hit,baseline,0,42,70519.62
all,1024,0,all-hit,candidate,0,41,73568.59
all,1024,0,all-hit,candidate,1,41,74994.63
all,1024,0,all-hit,baseline,1,42,75006.88
all,1024,0,all-hit,baseline,2,42,73136.05
all,1024,0,all-hit,candidate,2,41,76631.63
all,1024,0,all-hit,candidate,3,41,78112.00
all,1024,0,all-hit,baseline,3,42,76020.17
all,1024,0,all-hit,baseline,4,42,72481.38
all,1024,0,all-hit,candidate,4,41,70812.39
all,1024,0,all-hit,candidate,5,41,70804.80
all,1024,0,all-hit,baseline,5,42,71053.31
all,1024,0,all-hit,baseline,6,42,78980.93
all,1024,0,all-hit,candidate,6,41,74564.76
room,1024,1,miss,baseline,0,31,86495.87
room,1024,1,miss,candidate,0,34,82894.32
room,1024,1,miss,candidate,1,34,79658.71
room,1024,1,miss,baseline,1,31,83444.03
room,1024,1,miss,baseline,2,31,80387.03
room,1024,1,miss,candidate,2,34,79196.44
room,1024,1,miss,candidate,3,34,80371.88
room,1024,1,miss,baseline,3,31,77716.13
room,1024,1,miss,baseline,4,31,79221.23
room,1024,1,miss,candidate,4,34,83301.29
room,1024,1,miss,candidate,5,34,84605.41
room,1024,1,miss,baseline,5,31,79737.03
room,1024,1,miss,baseline,6,31,81638.29
room,1024,1,miss,candidate,6,34,78842.76
user,1024,1,miss,baseline,0,31,91955.32
user,1024,1,miss,candidate,0,33,87006.88
user,1024,1,miss,candidate,1,33,83012.00
user,1024,1,miss,baseline,1,31,79350.00
user,1024,1,miss,baseline,2,31,78472.61
user,1024,1,miss,candidate,2,33,80011.42
user,1024,1,miss,candidate,3,33,79904.97
user,1024,1,miss,baseline,3,31,81194.39
user,1024,1,miss,baseline,4,31,82670.90
user,1024,1,miss,candidate,4,33,79686.97
user,1024,1,miss,candidate,5,33,84001.67
user,1024,1,miss,baseline,5,31,83423.35
user,1024,1,miss,baseline,6,31,81368.58
user,1024,1,miss,candidate,6,33,81106.33
all,1024,1,miss,baseline,0,35,75785.34
all,1024,1,miss,candidate,0,35,74929.97
all,1024,1,miss,candidate,1,35,75950.20
all,1024,1,miss,baseline,1,35,73091.57
all,1024,1,miss,baseline,2,35,72725.20
all,1024,1,miss,candidate,2,35,74463.57
all,1024,1,miss,candidate,3,35,75507.77
all,1024,1,miss,baseline,3,35,74894.74
all,1024,1,miss,baseline,4,35,77476.03
all,1024,1,miss,candidate,4,35,74983.40
all,1024,1,miss,candidate,5,35,80216.34
all,1024,1,miss,baseline,5,35,75947.89
all,1024,1,miss,baseline,6,35,72241.74
all,1024,1,miss,candidate,6,35,74449.97
room,1024,1,mixed,baseline,0,38,77595.11
room,1024,1,mixed,candidate,0,38,78649.84
room,1024,1,mixed,candidate,1,38,79471.29
room,1024,1,mixed,baseline,1,38,81945.11
room,1024,1,mixed,baseline,2,38,80194.74
room,1024,1,mixed,candidate,2,38,82405.34
room,1024,1,mixed,candidate,3,38,78027.53
room,1024,1,mixed,baseline,3,38,78416.66
room,1024,1,mixed,baseline,4,38,82682.26
room,1024,1,mixed,candidate,4,38,81837.71
room,1024,1,mixed,candidate,5,38,78344.53
room,1024,1,mixed,baseline,5,38,77940.37
room,1024,1,mixed,baseline,6,38,78246.34
room,1024,1,mixed,candidate,6,38,79583.71
user,1024,1,mixed,baseline,0,34,81650.15
user,1024,1,mixed,candidate,0,37,80089.19
user,1024,1,mixed,candidate,1,37,80123.19
user,1024,1,mixed,baseline,1,34,80662.15
user,1024,1,mixed,baseline,2,34,80878.12
user,1024,1,mixed,candidate,2,37,81787.62
user,1024,1,mixed,candidate,3,37,78949.43
user,1024,1,mixed,baseline,3,34,81266.82
user,1024,1,mixed,baseline,4,34,80304.74
user,1024,1,mixed,candidate,4,37,78494.89
user,1024,1,mixed,candidate,5,37,78811.86
user,1024,1,mixed,baseline,5,34,78955.44
user,1024,1,mixed,baseline,6,34,79196.18
user,1024,1,mixed,candidate,6,37,83356.51
all,1024,1,mixed,baseline,0,41,74499.88
all,1024,1,mixed,candidate,0,40,74126.50
all,1024,1,mixed,candidate,1,40,73276.95
all,1024,1,mixed,baseline,1,41,72644.66
all,1024,1,mixed,baseline,2,41,74550.12
all,1024,1,mixed,candidate,2,40,74287.40
all,1024,1,mixed,candidate,3,40,74278.40
all,1024,1,mixed,baseline,3,41,75082.93
all,1024,1,mixed,baseline,4,41,74467.63
all,1024,1,mixed,candidate,4,40,76494.73
all,1024,1,mixed,candidate,5,40,77905.12
all,1024,1,mixed,baseline,5,41,75976.12
all,1024,1,mixed,baseline,6,41,73416.10
all,1024,1,mixed,candidate,6,40,76479.15
room,1024,1,duplicates,baseline,0,36,77928.75
room,1024,1,duplicates,candidate,0,38,80369.26
room,1024,1,duplicates,candidate,1,38,79857.76
room,1024,1,duplicates,baseline,1,36,79910.83
room,1024,1,duplicates,baseline,2,36,84246.69
room,1024,1,duplicates,candidate,2,38,78864.13
room,1024,1,duplicates,candidate,3,38,82022.18
room,1024,1,duplicates,baseline,3,36,78594.69
room,1024,1,duplicates,baseline,4,36,78178.50
room,1024,1,duplicates,candidate,4,38,77933.26
room,1024,1,duplicates,candidate,5,38,79263.76
room,1024,1,duplicates,baseline,5,36,80325.28
room,1024,1,duplicates,baseline,6,36,81420.86
room,1024,1,duplicates,candidate,6,38,83849.68
user,1024,1,duplicates,baseline,0,37,80688.32
user,1024,1,duplicates,candidate,0,38,78867.16
user,1024,1,duplicates,candidate,1,38,83038.53
user,1024,1,duplicates,baseline,1,37,79570.46
user,1024,1,duplicates,baseline,2,37,83744.92
user,1024,1,duplicates,candidate,2,38,82008.47
user,1024,1,duplicates,candidate,3,38,79655.00
user,1024,1,duplicates,baseline,3,37,79899.14
user,1024,1,duplicates,baseline,4,37,80019.32
user,1024,1,duplicates,candidate,4,38,80010.79
user,1024,1,duplicates,candidate,5,38,78513.00
user,1024,1,duplicates,baseline,5,37,84815.78
user,1024,1,duplicates,baseline,6,37,79701.62
user,1024,1,duplicates,candidate,6,38,81278.63
all,1024,1,duplicates,baseline,0,39,73601.92
all,1024,1,duplicates,candidate,0,41,77542.10
all,1024,1,duplicates,candidate,1,41,76398.15
all,1024,1,duplicates,baseline,1,39,74335.49
all,1024,1,duplicates,baseline,2,39,73261.92
all,1024,1,duplicates,candidate,2,41,75575.78
all,1024,1,duplicates,candidate,3,41,77761.46
all,1024,1,duplicates,baseline,3,39,78734.18
all,1024,1,duplicates,baseline,4,39,74516.26
all,1024,1,duplicates,candidate,4,41,78051.61
all,1024,1,duplicates,candidate,5,41,78530.78
all,1024,1,duplicates,baseline,5,39,77036.28
all,1024,1,duplicates,baseline,6,39,74152.82
all,1024,1,duplicates,candidate,6,41,75074.37
room,1024,1,all-hit,baseline,0,37,77429.70
room,1024,1,all-hit,candidate,0,38,79032.76
room,1024,1,all-hit,candidate,1,38,78227.08
room,1024,1,all-hit,baseline,1,37,79829.35
room,1024,1,all-hit,baseline,2,37,82500.81
room,1024,1,all-hit,candidate,2,38,80743.39
room,1024,1,all-hit,candidate,3,38,83635.34
room,1024,1,all-hit,baseline,3,37,78181.38
room,1024,1,all-hit,baseline,4,37,79558.81
room,1024,1,all-hit,candidate,4,38,77646.16
room,1024,1,all-hit,candidate,5,38,80469.82
room,1024,1,all-hit,baseline,5,37,83132.76
room,1024,1,all-hit,baseline,6,37,81419.41
room,1024,1,all-hit,candidate,6,38,80549.37
user,1024,1,all-hit,baseline,0,37,83361.41
user,1024,1,all-hit,candidate,0,38,79493.45
user,1024,1,all-hit,candidate,1,38,81344.11
user,1024,1,all-hit,baseline,1,37,84066.70
user,1024,1,all-hit,baseline,2,37,80651.16
user,1024,1,all-hit,candidate,2,38,78761.26
user,1024,1,all-hit,candidate,3,38,79460.92
user,1024,1,all-hit,baseline,3,37,82333.35
user,1024,1,all-hit,baseline,4,37,81905.03
user,1024,1,all-hit,candidate,4,38,82235.74
user,1024,1,all-hit,candidate,5,38,83601.21
user,1024,1,all-hit,baseline,5,37,80605.65
user,1024,1,all-hit,baseline,6,37,79367.84
user,1024,1,all-hit,candidate,6,38,81039.39
all,1024,1,all-hit,baseline,0,41,73532.63
all,1024,1,all-hit,candidate,0,41,74896.20
all,1024,1,all-hit,candidate,1,41,73218.32
all,1024,1,all-hit,baseline,1,41,74206.66
all,1024,1,all-hit,baseline,2,41,72035.29
all,1024,1,all-hit,candidate,2,41,79193.41
all,1024,1,all-hit,candidate,3,41,78145.68
all,1024,1,all-hit,baseline,3,41,74607.22
all,1024,1,all-hit,baseline,4,41,73358.15
all,1024,1,all-hit,candidate,4,41,80131.22
all,1024,1,all-hit,candidate,5,41,78049.66
all,1024,1,all-hit,baseline,5,41,75152.34
all,1024,1,all-hit,baseline,6,41,72780.93
all,1024,1,all-hit,candidate,6,41,74464.54
room,1024,32,miss,baseline,0,34,82279.35
room,1024,32,miss,candidate,0,37,80734.81
room,1024,32,miss,candidate,1,37,80418.05
room,1024,32,miss,baseline,1,34,88076.88
room,1024,32,miss,baseline,2,34,81884.06
room,1024,32,miss,candidate,2,37,82772.97
room,1024,32,miss,candidate,3,37,80093.62
room,1024,32,miss,baseline,3,34,86126.71
room,1024,32,miss,baseline,4,34,83888.68
room,1024,32,miss,candidate,4,37,79333.03
room,1024,32,miss,candidate,5,37,79243.59
room,1024,32,miss,baseline,5,34,82327.47
room,1024,32,miss,baseline,6,34,85087.21
room,1024,32,miss,candidate,6,37,83167.68
user,1024,32,miss,baseline,0,33,88850.91
user,1024,32,miss,candidate,0,34,82020.29
user,1024,32,miss,candidate,1,34,85902.26
user,1024,32,miss,baseline,1,33,88142.36
user,1024,32,miss,baseline,2,33,84549.55
user,1024,32,miss,candidate,2,34,80347.09
user,1024,32,miss,candidate,3,34,80244.21
user,1024,32,miss,baseline,3,33,84084.09
user,1024,32,miss,baseline,4,33,81869.64
user,1024,32,miss,candidate,4,34,82215.29
user,1024,32,miss,candidate,5,34,80344.79
user,1024,32,miss,baseline,5,33,88266.91
user,1024,32,miss,baseline,6,33,83334.67
user,1024,32,miss,candidate,6,34,82507.88
all,1024,32,miss,baseline,0,35,79050.29
all,1024,32,miss,candidate,0,38,74808.68
all,1024,32,miss,candidate,1,38,77457.82
all,1024,32,miss,baseline,1,35,82769.31
all,1024,32,miss,baseline,2,35,78662.86
all,1024,32,miss,candidate,2,38,74172.87
all,1024,32,miss,candidate,3,38,76949.50
all,1024,32,miss,baseline,3,35,81929.60
all,1024,32,miss,baseline,4,35,83058.97
all,1024,32,miss,candidate,4,38,76489.18
all,1024,32,miss,candidate,5,38,76852.16
all,1024,32,miss,baseline,5,35,81944.86
all,1024,32,miss,baseline,6,35,78038.63
all,1024,32,miss,candidate,6,38,79345.26
room,1024,32,mixed,baseline,0,36,80864.83
room,1024,32,mixed,candidate,0,38,80691.08
room,1024,32,mixed,candidate,1,38,78425.50
room,1024,32,mixed,baseline,1,36,84970.50
room,1024,32,mixed,baseline,2,36,91212.11
room,1024,32,mixed,candidate,2,38,84172.55
room,1024,32,mixed,candidate,3,38,85984.11
room,1024,32,mixed,baseline,3,36,85473.67
room,1024,32,mixed,baseline,4,36,87192.33
room,1024,32,mixed,candidate,4,38,81419.29
room,1024,32,mixed,candidate,5,38,78405.97
room,1024,32,mixed,baseline,5,36,80860.61
room,1024,32,mixed,baseline,6,36,81799.44
room,1024,32,mixed,candidate,6,38,79073.87
user,1024,32,mixed,baseline,0,37,82095.11
user,1024,32,mixed,candidate,0,38,81230.03
user,1024,32,mixed,candidate,1,38,81593.05
user,1024,32,mixed,baseline,1,37,85228.54
user,1024,32,mixed,baseline,2,37,86486.65
user,1024,32,mixed,candidate,2,38,93542.50
user,1024,32,mixed,candidate,3,38,83493.74
user,1024,32,mixed,baseline,3,37,83522.00
user,1024,32,mixed,baseline,4,37,82251.65
user,1024,32,mixed,candidate,4,38,79930.03
user,1024,32,mixed,candidate,5,38,81808.89
user,1024,32,mixed,baseline,5,37,84845.03
user,1024,32,mixed,baseline,6,37,86228.95
user,1024,32,mixed,candidate,6,38,84209.87
all,1024,32,mixed,baseline,0,36,78446.47
all,1024,32,mixed,candidate,0,40,76341.73
all,1024,32,mixed,candidate,1,40,75710.52
all,1024,32,mixed,baseline,1,36,76615.86
all,1024,32,mixed,baseline,2,36,77451.31
all,1024,32,mixed,candidate,2,40,77613.93
all,1024,32,mixed,candidate,3,40,75435.35
all,1024,32,mixed,baseline,3,36,79019.47
all,1024,32,mixed,baseline,4,36,80921.33
all,1024,32,mixed,candidate,4,40,77772.15
all,1024,32,mixed,candidate,5,40,78299.62
all,1024,32,mixed,baseline,5,36,83898.58
all,1024,32,mixed,baseline,6,36,79207.81
all,1024,32,mixed,candidate,6,40,78366.35
room,1024,32,duplicates,baseline,0,35,82836.26
room,1024,32,duplicates,candidate,0,36,78984.33
room,1024,32,duplicates,candidate,1,36,78886.03
room,1024,32,duplicates,baseline,1,35,83531.31
room,1024,32,duplicates,baseline,2,35,84942.74
room,1024,32,duplicates,candidate,2,36,81402.53
room,1024,32,duplicates,candidate,3,36,80830.08
room,1024,32,duplicates,baseline,3,35,83746.83
room,1024,32,duplicates,baseline,4,35,85341.40
room,1024,32,duplicates,candidate,4,36,80927.78
room,1024,32,duplicates,candidate,5,36,79994.11
room,1024,32,duplicates,baseline,5,35,82588.37
room,1024,32,duplicates,baseline,6,35,81673.57
room,1024,32,duplicates,candidate,6,36,78830.50
user,1024,32,duplicates,baseline,0,36,84133.58
user,1024,32,duplicates,candidate,0,36,84720.78
user,1024,32,duplicates,candidate,1,36,80248.69
user,1024,32,duplicates,baseline,1,36,85660.36
user,1024,32,duplicates,baseline,2,36,85924.08
user,1024,32,duplicates,candidate,2,36,81634.33
user,1024,32,duplicates,candidate,3,36,81989.78
user,1024,32,duplicates,baseline,3,36,85098.08
user,1024,32,duplicates,baseline,4,36,82250.33
user,1024,32,duplicates,candidate,4,36,79899.11
user,1024,32,duplicates,candidate,5,36,79390.42
user,1024,32,duplicates,baseline,5,36,82210.31
user,1024,32,duplicates,baseline,6,36,85897.03
user,1024,32,duplicates,candidate,6,36,79339.67
all,1024,32,duplicates,baseline,0,37,77326.11
all,1024,32,duplicates,candidate,0,41,77656.71
all,1024,32,duplicates,candidate,1,41,74882.20
all,1024,32,duplicates,baseline,1,37,76023.89
all,1024,32,duplicates,baseline,2,37,77529.22
all,1024,32,duplicates,candidate,2,41,73423.76
all,1024,32,duplicates,candidate,3,41,73293.76
all,1024,32,duplicates,baseline,3,37,75222.11
all,1024,32,duplicates,baseline,4,37,76141.84
all,1024,32,duplicates,candidate,4,41,79967.44
all,1024,32,duplicates,candidate,5,41,74973.73
all,1024,32,duplicates,baseline,5,37,81603.73
all,1024,32,duplicates,baseline,6,37,79043.16
all,1024,32,duplicates,candidate,6,41,76003.12
room,1024,32,all-hit,baseline,0,37,85368.54
room,1024,32,all-hit,candidate,0,36,78994.53
room,1024,32,all-hit,candidate,1,36,76616.17
room,1024,32,all-hit,baseline,1,37,81007.97
room,1024,32,all-hit,baseline,2,37,82782.76
room,1024,32,all-hit,candidate,2,36,81376.78
room,1024,32,all-hit,candidate,3,36,82388.08
room,1024,32,all-hit,baseline,3,37,90448.68
room,1024,32,all-hit,baseline,4,37,85199.89
room,1024,32,all-hit,candidate,4,36,79714.61
room,1024,32,all-hit,candidate,5,36,78847.61
room,1024,32,all-hit,baseline,5,37,80786.95
room,1024,32,all-hit,baseline,6,37,81675.24
room,1024,32,all-hit,candidate,6,36,76504.50
user,1024,32,all-hit,baseline,0,37,81711.19
user,1024,32,all-hit,candidate,0,39,77033.67
user,1024,32,all-hit,candidate,1,39,79706.59
user,1024,32,all-hit,baseline,1,37,84017.73
user,1024,32,all-hit,baseline,2,37,86091.95
user,1024,32,all-hit,candidate,2,39,79745.82
user,1024,32,all-hit,candidate,3,39,79637.31
user,1024,32,all-hit,baseline,3,37,83631.43
user,1024,32,all-hit,baseline,4,37,81473.00
user,1024,32,all-hit,candidate,4,39,77650.33
user,1024,32,all-hit,candidate,5,39,80993.59
user,1024,32,all-hit,baseline,5,37,80564.05
user,1024,32,all-hit,baseline,6,37,83333.84
user,1024,32,all-hit,candidate,6,39,81121.49
all,1024,32,all-hit,baseline,0,36,77827.47
all,1024,32,all-hit,candidate,0,37,74915.14
all,1024,32,all-hit,candidate,1,37,72689.41
all,1024,32,all-hit,baseline,1,36,76488.58
all,1024,32,all-hit,baseline,2,36,74312.56
all,1024,32,all-hit,candidate,2,37,73491.38
all,1024,32,all-hit,candidate,3,37,72541.14
all,1024,32,all-hit,baseline,3,36,74189.25
all,1024,32,all-hit,baseline,4,36,78196.14
all,1024,32,all-hit,candidate,4,37,78550.41
all,1024,32,all-hit,candidate,5,37,77450.46
all,1024,32,all-hit,baseline,5,36,75444.08
all,1024,32,all-hit,baseline,6,36,83921.25
all,1024,32,all-hit,candidate,6,37,76023.16
room,1024,256,miss,baseline,0,14,190790.14
room,1024,256,miss,candidate,0,33,81342.18
room,1024,256,miss,candidate,1,33,83411.33
room,1024,256,miss,baseline,1,14,177716.21
room,1024,256,miss,baseline,2,14,177795.21
room,1024,256,miss,candidate,2,33,83416.94
room,1024,256,miss,candidate,3,33,82496.55
room,1024,256,miss,baseline,3,14,181735.07
room,1024,256,miss,baseline,4,14,190726.64
room,1024,256,miss,candidate,4,33,89610.52
room,1024,256,miss,candidate,5,33,89624.67
room,1024,256,miss,baseline,5,14,191095.86
room,1024,256,miss,baseline,6,14,184556.43
room,1024,256,miss,candidate,6,33,83814.24
user,1024,256,miss,baseline,0,15,221068.93
user,1024,256,miss,candidate,0,29,97252.38
user,1024,256,miss,candidate,1,29,91918.28
user,1024,256,miss,baseline,1,15,198162.87
user,1024,256,miss,baseline,2,15,196973.13
user,1024,256,miss,candidate,2,29,90019.83
user,1024,256,miss,candidate,3,29,117252.72
user,1024,256,miss,baseline,3,15,219784.73
user,1024,256,miss,baseline,4,15,216878.53
user,1024,256,miss,candidate,4,29,90750.69
user,1024,256,miss,candidate,5,29,89982.62
user,1024,256,miss,baseline,5,15,197322.67
user,1024,256,miss,baseline,6,15,191821.53
user,1024,256,miss,candidate,6,29,85584.59
all,1024,256,miss,baseline,0,15,177385.87
all,1024,256,miss,candidate,0,35,80316.34
all,1024,256,miss,candidate,1,35,83584.54
all,1024,256,miss,baseline,1,15,181331.00
all,1024,256,miss,baseline,2,15,181432.80
all,1024,256,miss,candidate,2,35,80022.46
all,1024,256,miss,candidate,3,35,81769.40
all,1024,256,miss,baseline,3,15,184888.80
all,1024,256,miss,baseline,4,15,177006.73
all,1024,256,miss,candidate,4,35,78148.31
all,1024,256,miss,candidate,5,35,81110.17
all,1024,256,miss,baseline,5,15,179891.07
all,1024,256,miss,baseline,6,15,180457.40
all,1024,256,miss,candidate,6,35,77273.51
room,1024,256,mixed,baseline,0,18,164433.28
room,1024,256,mixed,candidate,0,41,72946.68
room,1024,256,mixed,candidate,1,41,76151.24
room,1024,256,mixed,baseline,1,18,165962.06
room,1024,256,mixed,baseline,2,18,163257.22
room,1024,256,mixed,candidate,2,41,79035.39
room,1024,256,mixed,candidate,3,41,74988.22
room,1024,256,mixed,baseline,3,18,164799.39
room,1024,256,mixed,baseline,4,18,166999.28
room,1024,256,mixed,candidate,4,41,73247.22
room,1024,256,mixed,candidate,5,41,74970.12
room,1024,256,mixed,baseline,5,18,162633.17
room,1024,256,mixed,baseline,6,18,164756.06
room,1024,256,mixed,candidate,6,41,74101.76
user,1024,256,mixed,baseline,0,18,170408.83
user,1024,256,mixed,candidate,0,41,76165.27
user,1024,256,mixed,candidate,1,41,79069.24
user,1024,256,mixed,baseline,1,18,170492.33
user,1024,256,mixed,baseline,2,18,164650.33
user,1024,256,mixed,candidate,2,41,73978.15
user,1024,256,mixed,candidate,3,41,72458.51
user,1024,256,mixed,baseline,3,18,165660.78
user,1024,256,mixed,baseline,4,18,162685.72
user,1024,256,mixed,candidate,4,41,72291.34
user,1024,256,mixed,candidate,5,41,76362.90
user,1024,256,mixed,baseline,5,18,170496.67
user,1024,256,mixed,baseline,6,18,169458.83
user,1024,256,mixed,candidate,6,41,74898.56
all,1024,256,mixed,baseline,0,17,171564.24
all,1024,256,mixed,candidate,0,38,74658.13
all,1024,256,mixed,candidate,1,38,74229.29
all,1024,256,mixed,baseline,1,17,160335.06
all,1024,256,mixed,baseline,2,17,160340.59
all,1024,256,mixed,candidate,2,38,75465.45
all,1024,256,mixed,candidate,3,38,74171.29
all,1024,256,mixed,baseline,3,17,163170.76
all,1024,256,mixed,baseline,4,17,163257.82
all,1024,256,mixed,candidate,4,38,77114.55
all,1024,256,mixed,candidate,5,38,80753.97
all,1024,256,mixed,baseline,5,17,167617.06
all,1024,256,mixed,baseline,6,17,169337.82
all,1024,256,mixed,candidate,6,38,76080.08
room,1024,256,duplicates,baseline,0,16,181564.38
room,1024,256,duplicates,candidate,0,34,82906.62
room,1024,256,duplicates,candidate,1,34,80544.24
room,1024,256,duplicates,baseline,1,16,189469.56
room,1024,256,duplicates,baseline,2,16,177391.75
room,1024,256,duplicates,candidate,2,34,79909.68
room,1024,256,duplicates,candidate,3,34,81361.44
room,1024,256,duplicates,baseline,3,16,186103.06
room,1024,256,duplicates,baseline,4,16,198776.12
room,1024,256,duplicates,candidate,4,34,83547.71
room,1024,256,duplicates,candidate,5,34,85856.68
room,1024,256,duplicates,baseline,5,16,194775.94
room,1024,256,duplicates,baseline,6,16,186869.62
room,1024,256,duplicates,candidate,6,34,87346.50
user,1024,256,duplicates,baseline,0,15,178307.87
user,1024,256,duplicates,candidate,0,36,82296.67
user,1024,256,duplicates,candidate,1,36,79794.56
user,1024,256,duplicates,baseline,1,15,182820.93
user,1024,256,duplicates,baseline,2,15,183799.53
user,1024,256,duplicates,candidate,2,36,90159.81
user,1024,256,duplicates,candidate,3,36,85584.00
user,1024,256,duplicates,baseline,3,15,183862.87
user,1024,256,duplicates,baseline,4,15,179824.27
user,1024,256,duplicates,candidate,4,36,85699.11
user,1024,256,duplicates,candidate,5,36,81484.53
user,1024,256,duplicates,baseline,5,15,180842.00
user,1024,256,duplicates,baseline,6,15,183205.27
user,1024,256,duplicates,candidate,6,36,80613.58
all,1024,256,duplicates,baseline,0,16,169454.69
all,1024,256,duplicates,candidate,0,37,75539.49
all,1024,256,duplicates,candidate,1,37,75507.73
all,1024,256,duplicates,baseline,1,16,182752.81
all,1024,256,duplicates,baseline,2,16,177554.00
all,1024,256,duplicates,candidate,2,37,76774.57
all,1024,256,duplicates,candidate,3,37,83835.11
all,1024,256,duplicates,baseline,3,16,176047.81
all,1024,256,duplicates,baseline,4,16,176259.50
all,1024,256,duplicates,candidate,4,37,85077.49
all,1024,256,duplicates,candidate,5,37,83449.41
all,1024,256,duplicates,baseline,5,16,177468.25
all,1024,256,duplicates,baseline,6,16,171692.94
all,1024,256,duplicates,candidate,6,37,75874.19
room,1024,256,all-hit,baseline,0,19,152343.37
room,1024,256,all-hit,candidate,0,42,68206.19
room,1024,256,all-hit,candidate,1,42,71225.60
room,1024,256,all-hit,baseline,1,19,151627.16
room,1024,256,all-hit,baseline,2,19,152787.58
room,1024,256,all-hit,candidate,2,42,68099.02
room,1024,256,all-hit,candidate,3,42,65044.57
room,1024,256,all-hit,baseline,3,19,151299.42
room,1024,256,all-hit,baseline,4,19,148875.05
room,1024,256,all-hit,candidate,4,42,65883.57
room,1024,256,all-hit,candidate,5,42,65216.00
room,1024,256,all-hit,baseline,5,19,165394.89
room,1024,256,all-hit,baseline,6,19,159517.58
room,1024,256,all-hit,candidate,6,42,64808.98
user,1024,256,all-hit,baseline,0,19,156592.37
user,1024,256,all-hit,candidate,0,46,66276.48
user,1024,256,all-hit,candidate,1,46,69266.83
user,1024,256,all-hit,baseline,1,19,155552.05
user,1024,256,all-hit,baseline,2,19,156044.95
user,1024,256,all-hit,candidate,2,46,65179.54
user,1024,256,all-hit,candidate,3,46,65415.59
user,1024,256,all-hit,baseline,3,19,148765.47
user,1024,256,all-hit,baseline,4,19,147436.37
user,1024,256,all-hit,candidate,4,46,63977.37
user,1024,256,all-hit,candidate,5,46,65489.22
user,1024,256,all-hit,baseline,5,19,150429.37
user,1024,256,all-hit,baseline,6,19,155952.84
user,1024,256,all-hit,candidate,6,46,65455.89
all,1024,256,all-hit,baseline,0,18,160702.94
all,1024,256,all-hit,candidate,0,40,70967.48
all,1024,256,all-hit,candidate,1,40,71944.07
all,1024,256,all-hit,baseline,1,18,152197.89
all,1024,256,all-hit,baseline,2,18,154765.28
all,1024,256,all-hit,candidate,2,40,73397.50
all,1024,256,all-hit,candidate,3,40,70793.80
all,1024,256,all-hit,baseline,3,18,149277.00
all,1024,256,all-hit,baseline,4,18,153461.89
all,1024,256,all-hit,candidate,4,40,70968.52
all,1024,256,all-hit,candidate,5,40,74389.32
all,1024,256,all-hit,baseline,5,18,152571.44
all,1024,256,all-hit,baseline,6,18,152907.61
all,1024,256,all-hit,candidate,6,40,78044.43
room,4096,1024,miss,baseline,0,2,2364525.00
room,4096,1024,miss,candidate,0,7,455876.43
room,4096,1024,miss,candidate,1,7,457201.00
room,4096,1024,miss,baseline,1,2,2284337.50
room,4096,1024,miss,baseline,2,2,2253287.50
room,4096,1024,miss,candidate,2,7,428933.57
room,4096,1024,miss,candidate,3,7,424363.86
room,4096,1024,miss,baseline,3,2,2155394.50
room,4096,1024,miss,baseline,4,2,2168411.00
room,4096,1024,miss,candidate,4,7,431365.00
room,4096,1024,miss,candidate,5,7,416808.14
room,4096,1024,miss,baseline,5,2,2190835.00
room,4096,1024,miss,baseline,6,2,2221413.50
room,4096,1024,miss,candidate,6,7,443149.57
user,4096,1024,miss,baseline,0,2,2813042.00
user,4096,1024,miss,candidate,0,6,519651.33
user,4096,1024,miss,candidate,1,6,483480.83
user,4096,1024,miss,baseline,1,2,2158352.00
user,4096,1024,miss,baseline,2,2,2184560.50
user,4096,1024,miss,candidate,2,6,466384.50
user,4096,1024,miss,candidate,3,6,487134.67
user,4096,1024,miss,baseline,3,2,2300674.00
user,4096,1024,miss,baseline,4,2,2326561.50
user,4096,1024,miss,candidate,4,6,469797.00
user,4096,1024,miss,candidate,5,6,452516.83
user,4096,1024,miss,baseline,5,2,2179588.50
user,4096,1024,miss,baseline,6,2,2160116.00
user,4096,1024,miss,candidate,6,6,440708.67
all,4096,1024,miss,baseline,0,2,2136693.50
all,4096,1024,miss,candidate,0,8,401802.75
all,4096,1024,miss,candidate,1,8,381913.88
all,4096,1024,miss,baseline,1,2,2553731.00
all,4096,1024,miss,baseline,2,2,2098277.00
all,4096,1024,miss,candidate,2,8,366754.88
all,4096,1024,miss,candidate,3,8,352030.12
all,4096,1024,miss,baseline,3,2,2047031.00
all,4096,1024,miss,baseline,4,2,2092796.50
all,4096,1024,miss,candidate,4,8,361792.00
all,4096,1024,miss,candidate,5,8,357229.12
all,4096,1024,miss,baseline,5,2,2109569.50
all,4096,1024,miss,baseline,6,2,2143205.50
all,4096,1024,miss,candidate,6,8,375081.25
room,4096,1024,mixed,baseline,0,2,2042440.50
room,4096,1024,mixed,candidate,0,7,473433.43
room,4096,1024,mixed,candidate,1,7,373899.86
room,4096,1024,mixed,baseline,1,2,1987743.50
room,4096,1024,mixed,baseline,2,2,1991882.50
room,4096,1024,mixed,candidate,2,7,420753.71
room,4096,1024,mixed,candidate,3,7,394884.71
room,4096,1024,mixed,baseline,3,2,2202959.50
room,4096,1024,mixed,baseline,4,2,2568385.00
room,4096,1024,mixed,candidate,4,7,403875.71
room,4096,1024,mixed,candidate,5,7,393169.29
room,4096,1024,mixed,baseline,5,2,1978763.50
room,4096,1024,mixed,baseline,6,2,1960146.50
room,4096,1024,mixed,candidate,6,7,384798.86
user,4096,1024,mixed,baseline,0,2,2181261.00
user,4096,1024,mixed,candidate,0,7,414413.29
user,4096,1024,mixed,candidate,1,7,447698.00
user,4096,1024,mixed,baseline,1,2,2202023.50
user,4096,1024,mixed,baseline,2,2,1997521.00
user,4096,1024,mixed,candidate,2,7,411486.71
user,4096,1024,mixed,candidate,3,7,389952.86
user,4096,1024,mixed,baseline,3,2,1974548.50
user,4096,1024,mixed,baseline,4,2,1964944.50
user,4096,1024,mixed,candidate,4,7,401267.29
user,4096,1024,mixed,candidate,5,7,416569.86
user,4096,1024,mixed,baseline,5,2,1971710.50
user,4096,1024,mixed,baseline,6,2,2099750.50
user,4096,1024,mixed,candidate,6,7,418600.00
all,4096,1024,mixed,baseline,0,2,1963774.00
all,4096,1024,mixed,candidate,0,8,342370.00
all,4096,1024,mixed,candidate,1,8,358685.00
all,4096,1024,mixed,baseline,1,2,2023283.00
all,4096,1024,mixed,baseline,2,2,2194039.00
all,4096,1024,mixed,candidate,2,8,353941.25
all,4096,1024,mixed,candidate,3,8,368352.00
all,4096,1024,mixed,baseline,3,2,1930292.50
all,4096,1024,mixed,baseline,4,2,1983332.50
all,4096,1024,mixed,candidate,4,8,347442.25
all,4096,1024,mixed,candidate,5,8,344417.00
all,4096,1024,mixed,baseline,5,2,2044690.00
all,4096,1024,mixed,baseline,6,2,2000609.00
all,4096,1024,mixed,candidate,6,8,350504.50
room,4096,1024,duplicates,baseline,0,2,2225156.00
room,4096,1024,duplicates,candidate,0,7,466799.57
room,4096,1024,duplicates,candidate,1,7,629314.57
room,4096,1024,duplicates,baseline,1,2,2243766.00
room,4096,1024,duplicates,baseline,2,2,2578608.50
room,4096,1024,duplicates,candidate,2,7,435065.57
room,4096,1024,duplicates,candidate,3,7,427128.14
room,4096,1024,duplicates,baseline,3,2,2137779.00
room,4096,1024,duplicates,baseline,4,2,2274066.00
room,4096,1024,duplicates,candidate,4,7,439154.43
room,4096,1024,duplicates,candidate,5,7,436897.43
room,4096,1024,duplicates,baseline,5,2,2219073.50
room,4096,1024,duplicates,baseline,6,2,2220275.00
room,4096,1024,duplicates,candidate,6,7,421762.14
user,4096,1024,duplicates,baseline,0,2,2232727.50
user,4096,1024,duplicates,candidate,0,6,428977.33
user,4096,1024,duplicates,candidate,1,6,443568.83
user,4096,1024,duplicates,baseline,1,2,2155830.50
user,4096,1024,duplicates,baseline,2,2,2531607.50
user,4096,1024,duplicates,candidate,2,6,505960.00
user,4096,1024,duplicates,candidate,3,6,669468.67
user,4096,1024,duplicates,baseline,3,2,2207265.50
user,4096,1024,duplicates,baseline,4,2,2191476.00
user,4096,1024,duplicates,candidate,4,6,442412.17
user,4096,1024,duplicates,candidate,5,6,456113.50
user,4096,1024,duplicates,baseline,5,2,2197609.00
user,4096,1024,duplicates,baseline,6,2,2166244.00
user,4096,1024,duplicates,candidate,6,6,443909.83
all,4096,1024,duplicates,baseline,0,2,2151658.50
all,4096,1024,duplicates,candidate,0,8,367403.38
all,4096,1024,duplicates,candidate,1,8,348853.38
all,4096,1024,duplicates,baseline,1,2,2140124.00
all,4096,1024,duplicates,baseline,2,2,2098727.00
all,4096,1024,duplicates,candidate,2,8,391236.38
all,4096,1024,duplicates,candidate,3,8,366390.88
all,4096,1024,duplicates,baseline,3,2,2106423.50
all,4096,1024,duplicates,baseline,4,2,2058878.00
all,4096,1024,duplicates,candidate,4,8,407846.25
all,4096,1024,duplicates,candidate,5,8,450535.38
all,4096,1024,duplicates,baseline,5,2,2668203.50
all,4096,1024,duplicates,baseline,6,2,2216612.00
all,4096,1024,duplicates,candidate,6,8,361979.00
room,4096,1024,all-hit,baseline,0,2,1902920.50
room,4096,1024,all-hit,candidate,0,8,371077.62
room,4096,1024,all-hit,candidate,1,8,355258.75
room,4096,1024,all-hit,baseline,1,2,1854146.50
room,4096,1024,all-hit,baseline,2,2,1972505.00
room,4096,1024,all-hit,candidate,2,8,387563.12
room,4096,1024,all-hit,candidate,3,8,361618.88
room,4096,1024,all-hit,baseline,3,2,1926728.00
room,4096,1024,all-hit,baseline,4,2,1796128.00
room,4096,1024,all-hit,candidate,4,8,333632.62
room,4096,1024,all-hit,candidate,5,8,336604.62
room,4096,1024,all-hit,baseline,5,2,1788151.50
room,4096,1024,all-hit,baseline,6,2,1823970.50
room,4096,1024,all-hit,candidate,6,8,333143.88
user,4096,1024,all-hit,baseline,0,2,2336382.00
user,4096,1024,all-hit,candidate,0,6,374975.17
user,4096,1024,all-hit,candidate,1,6,365012.83
user,4096,1024,all-hit,baseline,1,2,2333938.50
user,4096,1024,all-hit,baseline,2,2,2015129.00
user,4096,1024,all-hit,candidate,2,6,361219.50
user,4096,1024,all-hit,candidate,3,6,350883.50
user,4096,1024,all-hit,baseline,3,2,1794629.50
user,4096,1024,all-hit,baseline,4,2,1987442.00
user,4096,1024,all-hit,candidate,4,6,390355.17
user,4096,1024,all-hit,candidate,5,6,371248.00
user,4096,1024,all-hit,baseline,5,2,1864673.50
user,4096,1024,all-hit,baseline,6,2,1884475.50
user,4096,1024,all-hit,candidate,6,6,379788.83
all,4096,1024,all-hit,baseline,0,2,1848538.50
all,4096,1024,all-hit,candidate,0,8,338829.75
all,4096,1024,all-hit,candidate,1,8,334594.38
all,4096,1024,all-hit,baseline,1,2,1894540.00
all,4096,1024,all-hit,baseline,2,2,1966454.00
all,4096,1024,all-hit,candidate,2,8,340210.00
all,4096,1024,all-hit,candidate,3,8,353304.50
all,4096,1024,all-hit,baseline,3,2,1939796.50
all,4096,1024,all-hit,baseline,4,2,2282469.50
all,4096,1024,all-hit,candidate,4,8,364902.38
all,4096,1024,all-hit,candidate,5,8,349791.50
all,4096,1024,all-hit,baseline,5,2,1986494.50
all,4096,1024,all-hit,baseline,6,2,1956139.00
all,4096,1024,all-hit,candidate,6,8,339565.00
room,16384,4096,miss,baseline,0,2,35050531.50
room,16384,4096,miss,candidate,0,2,6764202.00
room,16384,4096,miss,candidate,1,2,7061512.00
room,16384,4096,miss,baseline,1,2,38170144.50
room,16384,4096,miss,baseline,2,2,35875387.50
room,16384,4096,miss,candidate,2,2,6741734.50
room,16384,4096,miss,candidate,3,2,6990932.00
room,16384,4096,miss,baseline,3,2,35222378.50
room,16384,4096,miss,baseline,4,2,35214666.50
room,16384,4096,miss,candidate,4,2,6477148.00
room,16384,4096,miss,candidate,5,2,6373650.50
room,16384,4096,miss,baseline,5,2,35955756.50
room,16384,4096,miss,baseline,6,2,35730018.00
room,16384,4096,miss,candidate,6,2,6801180.00
user,16384,4096,miss,baseline,0,2,35859409.00
user,16384,4096,miss,candidate,0,2,6475540.00
user,16384,4096,miss,candidate,1,2,6379407.50
user,16384,4096,miss,baseline,1,2,35878016.00
user,16384,4096,miss,baseline,2,2,35971840.00
user,16384,4096,miss,candidate,2,2,6907708.50
user,16384,4096,miss,candidate,3,2,6772820.50
user,16384,4096,miss,baseline,3,2,35769763.50
user,16384,4096,miss,baseline,4,2,35356744.50
user,16384,4096,miss,candidate,4,2,6913883.00
user,16384,4096,miss,candidate,5,2,6392958.00
user,16384,4096,miss,baseline,5,2,35447608.50
user,16384,4096,miss,baseline,6,2,35866187.00
user,16384,4096,miss,candidate,6,2,6815404.00
all,16384,4096,miss,baseline,0,2,35220118.50
all,16384,4096,miss,candidate,0,2,5121515.00
all,16384,4096,miss,candidate,1,2,4894797.00
all,16384,4096,miss,baseline,1,2,33403664.50
all,16384,4096,miss,baseline,2,2,34095315.00
all,16384,4096,miss,candidate,2,2,4940104.00
all,16384,4096,miss,candidate,3,2,4917357.00
all,16384,4096,miss,baseline,3,2,33790344.50
all,16384,4096,miss,baseline,4,2,33875567.50
all,16384,4096,miss,candidate,4,2,5240611.00
all,16384,4096,miss,candidate,5,2,4947571.50
all,16384,4096,miss,baseline,5,2,33906730.50
all,16384,4096,miss,baseline,6,2,33409007.50
all,16384,4096,miss,candidate,6,2,5071963.00
room,16384,4096,mixed,baseline,0,2,33188942.50
room,16384,4096,mixed,candidate,0,2,5765336.50
room,16384,4096,mixed,candidate,1,2,6998665.00
room,16384,4096,mixed,baseline,1,2,33208287.50
room,16384,4096,mixed,baseline,2,2,33180978.50
room,16384,4096,mixed,candidate,2,2,6199739.50
room,16384,4096,mixed,candidate,3,2,5757179.00
room,16384,4096,mixed,baseline,3,2,32844743.50
room,16384,4096,mixed,baseline,4,2,33584615.00
room,16384,4096,mixed,candidate,4,2,5839441.50
room,16384,4096,mixed,candidate,5,2,6234944.50
room,16384,4096,mixed,baseline,5,2,32990174.50
room,16384,4096,mixed,baseline,6,2,32916651.00
room,16384,4096,mixed,candidate,6,2,5705230.00
user,16384,4096,mixed,baseline,0,2,33468926.50
user,16384,4096,mixed,candidate,0,2,5639380.50
user,16384,4096,mixed,candidate,1,2,5606480.00
user,16384,4096,mixed,baseline,1,2,33587510.50
user,16384,4096,mixed,baseline,2,2,33696073.50
user,16384,4096,mixed,candidate,2,2,5918092.50
user,16384,4096,mixed,candidate,3,2,6230820.00
user,16384,4096,mixed,baseline,3,2,33903366.50
user,16384,4096,mixed,baseline,4,2,33344158.50
user,16384,4096,mixed,candidate,4,2,5561003.00
user,16384,4096,mixed,candidate,5,2,6299820.50
user,16384,4096,mixed,baseline,5,2,32703956.00
user,16384,4096,mixed,baseline,6,2,33027956.50
user,16384,4096,mixed,candidate,6,2,5753487.00
all,16384,4096,mixed,baseline,0,2,32363583.00
all,16384,4096,mixed,candidate,0,2,4813192.00
all,16384,4096,mixed,candidate,1,2,4734416.50
all,16384,4096,mixed,baseline,1,2,32245921.50
all,16384,4096,mixed,baseline,2,2,32061550.50
all,16384,4096,mixed,candidate,2,2,5380480.50
all,16384,4096,mixed,candidate,3,2,4898530.50
all,16384,4096,mixed,baseline,3,2,32718667.00
all,16384,4096,mixed,baseline,4,2,33174158.00
all,16384,4096,mixed,candidate,4,2,5031794.50
all,16384,4096,mixed,candidate,5,2,4778410.00
all,16384,4096,mixed,baseline,5,2,32936361.50
all,16384,4096,mixed,baseline,6,2,32804437.50
all,16384,4096,mixed,candidate,6,2,4918581.50
room,16384,4096,duplicates,baseline,0,2,39061685.50
room,16384,4096,duplicates,candidate,0,2,6636511.50
room,16384,4096,duplicates,candidate,1,2,7080480.00
room,16384,4096,duplicates,baseline,1,2,35600695.50
room,16384,4096,duplicates,baseline,2,2,36145133.00
room,16384,4096,duplicates,candidate,2,2,6750631.00
room,16384,4096,duplicates,candidate,3,2,7690298.00
room,16384,4096,duplicates,baseline,3,2,38980896.00
room,16384,4096,duplicates,baseline,4,2,36899376.00
room,16384,4096,duplicates,candidate,4,2,6479678.00
room,16384,4096,duplicates,candidate,5,2,6370585.50
room,16384,4096,duplicates,baseline,5,2,38114412.00
room,16384,4096,duplicates,baseline,6,2,36599185.50
room,16384,4096,duplicates,candidate,6,2,6549822.50
user,16384,4096,duplicates,baseline,0,2,36184415.00
user,16384,4096,duplicates,candidate,0,2,6556640.50
user,16384,4096,duplicates,candidate,1,2,6289282.00
user,16384,4096,duplicates,baseline,1,2,36056204.00
user,16384,4096,duplicates,baseline,2,2,36509167.50
user,16384,4096,duplicates,candidate,2,2,6819127.00
user,16384,4096,duplicates,candidate,3,2,6582359.50
user,16384,4096,duplicates,baseline,3,2,36463276.00
user,16384,4096,duplicates,baseline,4,2,36206464.50
user,16384,4096,duplicates,candidate,4,2,6383959.00
user,16384,4096,duplicates,candidate,5,2,6407157.50
user,16384,4096,duplicates,baseline,5,2,35896327.00
user,16384,4096,duplicates,baseline,6,2,36150522.00
user,16384,4096,duplicates,candidate,6,2,6738399.50
all,16384,4096,duplicates,baseline,0,2,35239315.00
all,16384,4096,duplicates,candidate,0,2,5123057.00
all,16384,4096,duplicates,candidate,1,2,4784543.50
all,16384,4096,duplicates,baseline,1,2,34292195.50
all,16384,4096,duplicates,baseline,2,2,34224586.00
all,16384,4096,duplicates,candidate,2,2,5467251.00
all,16384,4096,duplicates,candidate,3,2,4923075.50
all,16384,4096,duplicates,baseline,3,2,33793648.00
all,16384,4096,duplicates,baseline,4,2,34437755.50
all,16384,4096,duplicates,candidate,4,2,4977088.00
all,16384,4096,duplicates,candidate,5,2,4892599.00
all,16384,4096,duplicates,baseline,5,2,34216992.50
all,16384,4096,duplicates,baseline,6,2,34436099.00
all,16384,4096,duplicates,candidate,6,2,4988124.50
room,16384,4096,all-hit,baseline,0,2,31316498.50
room,16384,4096,all-hit,candidate,0,2,5308571.00
room,16384,4096,all-hit,candidate,1,2,4779210.00
room,16384,4096,all-hit,baseline,1,2,30917511.50
room,16384,4096,all-hit,baseline,2,2,30230546.00
room,16384,4096,all-hit,candidate,2,2,5447536.50
room,16384,4096,all-hit,candidate,3,2,4836534.00
room,16384,4096,all-hit,baseline,3,2,29852315.00
room,16384,4096,all-hit,baseline,4,2,30232459.00
room,16384,4096,all-hit,candidate,4,2,4953880.00
room,16384,4096,all-hit,candidate,5,2,4890208.00
room,16384,4096,all-hit,baseline,5,2,31240227.00
room,16384,4096,all-hit,baseline,6,2,30400588.50
room,16384,4096,all-hit,candidate,6,2,4964657.00
user,16384,4096,all-hit,baseline,0,2,30422719.00
user,16384,4096,all-hit,candidate,0,2,4828652.50
user,16384,4096,all-hit,candidate,1,2,5512660.50
user,16384,4096,all-hit,baseline,1,2,29942406.50
user,16384,4096,all-hit,baseline,2,2,30647520.00
user,16384,4096,all-hit,candidate,2,2,5140874.00
user,16384,4096,all-hit,candidate,3,2,4622093.00
user,16384,4096,all-hit,baseline,3,2,30516106.50
user,16384,4096,all-hit,baseline,4,2,30929678.00
user,16384,4096,all-hit,candidate,4,2,5282381.50
user,16384,4096,all-hit,candidate,5,2,4737564.50
user,16384,4096,all-hit,baseline,5,2,30379379.50
user,16384,4096,all-hit,baseline,6,2,30719706.50
user,16384,4096,all-hit,candidate,6,2,4847978.50
all,16384,4096,all-hit,baseline,0,2,30445176.50
all,16384,4096,all-hit,candidate,0,2,4987579.50
all,16384,4096,all-hit,candidate,1,2,4871118.00
all,16384,4096,all-hit,baseline,1,2,30928304.50
all,16384,4096,all-hit,baseline,2,2,30320472.00
all,16384,4096,all-hit,candidate,2,2,5098562.00
all,16384,4096,all-hit,candidate,3,2,4815959.00
all,16384,4096,all-hit,baseline,3,2,30589554.50
all,16384,4096,all-hit,baseline,4,2,30746945.50
all,16384,4096,all-hit,candidate,4,2,4881957.50
all,16384,4096,all-hit,candidate,5,2,4779157.50
all,16384,4096,all-hit,baseline,5,2,30655472.50
all,16384,4096,all-hit,baseline,6,2,31496061.50
all,16384,4096,all-hit,candidate,6,2,5271650.00
